TransactionAmount,TransactionHour,TransactionDayOfWeek,IsWeekend,TransactionDistanceKm,CustomerAge,CityPopulation,TransactionCategoryEncoded,IsFraud
140.73,18,5,1,77.60544527087295,29.817932922655714,530,10,0
5.6,9,6,1,116.55737727625163,77.7659137577002,140,12,0
118.27,21,2,0,35.64283870360678,40.44900752908966,310,6,0
84.79,16,1,0,51.49172429452148,28.980150581793293,4056,0,0
2.33,6,3,0,113.24758455554905,54.47227926078029,5438,9,0
7.0,20,0,0,29.492695072764853,47.6933607118412,1760,12,0
72.38,2,0,0,106.88575895531721,53.8507871321013,1478,2,0
61.97,11,5,1,72.76396466208945,73.02121834360027,673342,2,0
65.93,16,5,1,31.486738888141502,42.29158110882957,1302,6,0
35.13,15,5,1,84.66198262884218,33.73579739904175,20328,6,0
2.38,10,4,0,105.6603529998965,74.77891854893909,348,12,0
2.56,18,0,0,50.373944438919295,36.049281314168375,328,9,0
1.19,19,5,1,116.82072595453334,28.240930869267626,4575,11,0
86.4,4,3,0,24.238813475623825,33.4757015742642,760,4,0
80.48,17,3,0,57.383344583990144,32.6735112936345,737,0,0
6.87,14,6,1,36.36822910738984,58.064339493497606,5451,6,0
46.56,16,0,0,116.75364616934726,40.17796030116359,1019,6,0
43.16,17,0,0,94.76178634103215,47.26078028747433,2401,6,0
9.07,22,4,0,44.169783475747934,16.027378507871322,1512,13,0
8.28,8,4,0,5.079802538856022,56.73921971252567,2092,12,0
31.58,5,3,0,46.61343972245826,44.4517453798768,964,9,0
6.81,3,4,0,56.413375524017695,59.30732375085558,4049,0,0
7.4,15,6,1,85.94818827220774,47.8631074606434,1760,13,0
50.41,4,0,0,13.266767131693292,43.45242984257358,4074,2,0
2.98,3,6,1,89.55671093841343,57.51129363449692,2092,8,0
4.39,2,2,0,64.3949369137492,83.93429158110882,2916,11,0
203.01,6,4,0,60.737105302707526,35.73169062286105,21134,4,0
43.77,22,4,0,61.40675782403306,60.03285420944559,198,5,0
68.9,8,0,0,52.13942650453378,31.68788501026694,888,2,0
35.7,14,4,0,71.17598960427814,34.78165639972622,3451,5,0
162.71,18,6,1,123.15764257375078,72.67624914442163,450,0,0
83.18,16,4,0,131.7834373395395,21.086926762491444,3202,1,0
4.07,14,5,1,136.3565560617131,57.08966461327858,1443,10,0
32.98,12,2,0,81.32253897170474,28.594113620807665,18128,10,0
84.28,15,0,0,34.61826549656191,23.592060232717316,2607,6,0
19.86,6,5,1,50.29866802677075,36.002737850787135,59744,9,0
53.6,0,3,0,51.82759203829314,29.39082819986311,77,3,0
138.65,20,2,0,87.29379112286382,47.98631074606434,1368,0,0
6.59,5,0,0,69.36278182552569,44.2299794661191,42619,8,0
77.34,11,0,0,102.33074652730873,30.431211498973305,341043,2,0
33.75,19,6,1,74.29887817213341,43.31279945242984,910148,11,0
1.98,13,4,0,118.38014381040882,53.61259411362081,1606,13,0
158.14,7,1,0,76.77441326229103,27.12662559890486,525713,4,0
1.89,21,3,0,125.49350434450324,54.573579739904176,2317,7,0
6.47,4,6,1,60.503564939668394,80.57768651608487,22305,12,0
82.77,7,3,0,85.44391216292082,34.40109514031485,1493,4,0
112.97,4,3,0,62.696045241553364,53.61259411362081,128,4,0
142.8,6,5,1,29.100826337880733,58.954140999315534,51,4,0
5.34,19,4,0,66.0929255198163,40.93360711841205,1563,11,0
81.82,16,1,0,37.499838581098324,31.457905544147845,647,7,0
78.59,9,1,0,59.72667791646627,77.25941136208077,369,2,0
79.69,2,5,1,49.44437514227655,77.75496235455168,3119,0,0
152.33,9,5,1,65.01330333760335,57.73032169746749,5908,1,0
61.37,9,6,1,58.072604794927535,45.960301163586585,105549,4,0
20.02,13,6,1,24.28874414534315,23.49349760438056,2607,10,0
3.37,0,3,0,67.08485645482287,62.65845311430527,134056,12,0
2.1,13,6,1,113.88132123988301,40.591375770020534,3395,5,0
28.01,16,4,0,115.10221948786676,63.318275154004105,260,6,0
4.13,12,2,0,79.80061831366324,35.92060232717317,1930,12,0
4.65,22,3,0,89.61109020365306,21.78781656399726,3224,7,0
52.33,18,3,0,64.36841881366269,60.79397672826831,4895,5,0
97.46,1,3,0,31.6757274723767,41.267624914442166,1988,4,0
175.04,7,4,0,66.81006521588199,47.98904859685147,753116,4,0
44.18,21,1,0,71.26937410890655,25.60164271047228,970,1,0
109.47,15,5,1,89.60011806294405,64.31485284052019,466,6,0
70.19,9,3,0,78.9392172969481,29.48665297741273,77,2,0
47.0,6,4,0,110.01020781314502,44.082135523613964,5548,4,0
2.11,20,0,0,54.845562202546695,18.924024640657084,28425,8,0
190.86,1,1,0,42.37840647169509,48.01368925393566,34882,4,0
71.57,22,0,0,117.98640224660357,29.50034223134839,140,6,0
111.23,0,0,0,107.50810537843594,26.819986310746064,53,4,0
3.25,14,4,0,87.81579146858948,29.916495550992472,9772,12,0
96.81,8,5,1,75.01368035131483,38.195756331279945,836,4,0
48.84,10,6,1,73.4581703461014,31.225188227241617,477,3,0
7.5,9,6,1,68.73754576629167,59.07734428473648,3487,9,0
99.79,8,4,0,84.44571231638649,30.086242299794662,140,4,0
153.25,10,3,0,48.707632675645705,88.05749486652978,397,4,0
8.71,20,6,1,99.31209861508565,21.127994524298426,4542,13,0
6.26,13,5,1,51.53460338868373,37.58521560574949,42817,13,0
29.16,14,2,0,90.79716104564281,32.10403832991102,94325,1,0
7.87,6,6,1,76.13380783242877,68.5448323066393,1178,8,0
5.15,17,5,1,73.9813226763801,47.611225188227245,1760,12,0
61.46,17,1,0,24.601499626336633,30.16016427104723,286,1,0
4.13,8,3,0,88.1854418412215,61.308692676249144,1271,12,0
78.85,2,3,0,66.65813722404557,45.19644079397673,1804,8,0
79.47,21,5,1,51.73255053512667,76.26830937713895,1263321,6,0
7.75,7,5,1,107.71533746835162,57.42368240930869,4367,0,0
59.79,3,0,0,104.6995704809041,30.570841889117045,530,2,0
44.32,17,2,0,78.28436088027632,29.60438056125941,7297,1,0
135.17,10,0,0,124.86503645941377,33.267624914442166,795,12,0
5.3,11,1,0,65.3312723425186,70.06160164271047,237282,9,0
6.14,18,0,0,49.48858066306022,31.422313483915126,7646,11,0
5.97,22,3,0,40.72209000034965,34.9678302532512,2906700,11,0
77.55,6,0,0,62.54231743264901,67.63039014373716,137067,1,0
91.12,3,1,0,75.8802159732808,29.464750171115675,140,4,0
69.98,18,5,1,59.96866076200734,19.45516769336071,28425,7,0
99.8,1,0,0,10.222435910043574,67.76728268309377,8512,2,0
46.62,11,5,1,54.87677945000953,31.184120465434635,888,2,0
33.97,14,6,1,29.014358166688453,82.68856947296372,15426,6,0
69.11,8,1,0,51.94489683173508,41.4072553045859,10076,2,0
11.28,21,6,1,124.17076610549708,19.093771389459274,28425,10,0
1.29,2,1,0,40.736010455611485,58.874743326488705,92043,12,0
15.2,13,5,1,19.423802448301323,35.436002737850785,85,7,0
36.45,3,6,1,105.35088752338673,50.80355920602327,10256,1,0
9.35,17,3,0,70.82132206906836,54.00958247775496,470,13,0
1655.93,21,0,0,56.826469073417215,42.20396988364134,33917,12,0
6.34,18,0,0,125.59561393525406,26.548939082819988,4512,6,0
66.29,11,6,1,63.75127421167179,44.837782340862425,878,2,0
47.92,0,1,0,55.91627437296637,18.622861054072555,92608,2,0
54.43,22,2,0,99.72076253988945,44.34496919917864,5548,6,0
10.5,15,0,0,111.74150207235816,22.546201232032853,3224,0,0
86.79,10,6,1,87.92340121351381,45.25119780971937,645,4,0
5.78,15,3,0,101.86864924117761,36.06023271731691,116155,10,0
98.35,13,2,0,15.26671684809671,29.75770020533881,9772,6,0
189.47,17,5,1,69.24788846841278,32.60506502395619,46,6,0
61.69,1,5,1,58.23577873554916,65.37440109514031,133,2,0
37.79,7,5,1,95.23390951468716,60.31759069130732,5619,2,0
69.4,21,0,0,76.19588626313777,15.049965776865161,267,0,0
32.62,15,0,0,108.1246354890566,60.31485284052019,1131,5,0
392.56,0,0,0,99.06529966366318,73.05133470225873,128,9,0
63.31,16,0,0,59.174789530508946,32.68993839835729,105638,5,0
72.04,2,1,0,102.5054709924712,69.25667351129364,237282,3,0
41.01,6,3,0,105.78920075266869,25.867214236824093,19408,4,0
128.6,6,6,1,14.200061889611108,65.1690622861054,695,4,0
6.22,18,5,1,75.62474193246555,15.9233401779603,5666,11,0
2.53,3,3,0,85.92978702833867,79.60574948665298,61,9,0
88.41,21,2,0,111.05781115386117,30.099931553730322,632,6,0
85.75,11,6,1,100.29563237978837,55.19507186858316,2317,11,0
1.82,12,2,0,14.02754624108663,53.26488706365503,1383,13,0
71.57,0,5,1,62.36806122145918,18.90485968514716,8874,2,0
40.22,23,2,0,32.626153449739114,33.713894592744694,795,7,0
3.16,14,6,1,78.16942092631801,39.38124572210815,5512,11,0
46.05,23,6,1,75.66407656758577,38.614647501711154,509,7,0
50.15,6,1,0,89.04624641027341,65.63997262149213,969,3,0
22.44,22,3,0,70.36275893102213,25.782340862423,1684,6,0
1.23,19,5,1,33.74107081382431,25.240246406570844,5719,12,0
122.14,3,6,1,111.67238515200778,30.792607802874745,606,4,0
83.72,14,1,0,63.266105709280225,44.375085557837096,1480,6,0
469.61,10,0,0,53.24078123413339,49.20191649555099,365,8,0
1.02,20,5,1,106.0981766003246,50.639288158795345,743,5,0
84.96,1,5,1,81.42980890684015,26.27789185489391,123373,9,0
63.78,6,6,1,71.19906859726893,76.65434633812457,1263321,2,0
169.78,2,2,0,111.37084563414557,27.208761122518823,54185,4,0
6.98,21,3,0,88.26776941386534,28.23545516769336,194500,11,0
3.88,12,3,0,101.13723621172898,32.63518138261465,32891,7,0
118.68,14,6,1,75.00947705927939,18.310746064339494,272,5,0
58.76,4,5,1,75.57560425608527,40.45448323066393,5760,3,0
2.57,14,0,0,91.44890910121501,60.955509924709105,1271,7,0
90.18,0,0,0,55.19972414712649,46.836413415468854,5901,4,0
33.41,19,6,1,36.07892728000475,34.13552361396304,760,7,0
116.88,20,1,0,130.3437538848322,35.37577002053388,2906700,7,0
7.78,22,3,0,92.24710507589248,83.34565366187543,1288,7,0
124.38,5,1,0,28.331822097866507,30.962354551676935,888,4,0
22.53,7,1,0,94.77057898457133,35.57015742642026,178,3,0
83.3,20,6,1,77.02122771427432,20.632443531827516,1423,0,0
106.07,10,4,0,73.21305773265098,42.92128678986995,1643,4,0
134.88,6,2,0,21.781598651636997,33.72210814510609,760,4,0
94.51,16,6,1,59.44331023637063,53.94387405886379,47772,6,0
82.34,23,0,0,103.8601854039188,42.58179329226557,378909,1,0
72.53,19,0,0,90.49589401477215,39.24435318275154,686,0,0
43.08,8,0,0,59.69675711370291,68.28473648186174,427,2,0
5.91,19,0,0,100.93443940247401,52.45448323066393,673342,13,0
99.3,5,5,1,112.18627314873804,44.64065708418891,177,4,0
1.41,12,1,0,90.50031240843771,43.657768651608485,324,1,0
14.26,19,5,1,67.08683855915575,30.365503080082135,71463,7,0
94.77,7,4,0,64.45804206069036,31.1129363449692,167,4,0
819.53,3,4,0,64.6126361209724,22.401095140314855,973849,8,1
13.35,17,6,1,67.42620675863837,32.68446269678302,46,9,0
70.43,0,0,0,52.867789687513806,50.56536618754278,4138,2,0
42.81,21,3,0,64.54393409025916,54.130047912388775,1791,7,0
40.34,6,2,0,91.05126261864113,43.72073921971253,513,3,0
93.87,1,3,0,42.55585176488846,46.65023956194388,123,4,0
126.66,8,4,0,115.7579293798484,38.07529089664613,49,12,0
205.3,17,5,1,64.08813622637096,26.49965776865161,2691,11,0
44.58,12,6,1,73.70027766167388,37.445585215605746,23727,1,0
129.32,4,2,0,119.5035272250768,52.96098562628337,24645,1,0
138.2,5,1,0,61.99701072221239,73.4072553045859,6713,3,0
121.06,10,2,0,30.413544597062245,56.67624914442163,298,4,0
7.92,22,5,1,82.87520807768117,55.27173169062286,192,13,0
61.13,23,4,0,120.92416100264867,35.48254620123203,59744,11,0
62.64,20,3,0,84.47261429437056,45.19644079397673,1804,0,0
106.29,6,6,1,90.80439544433578,72.5448323066393,642,4,0
83.42,10,5,1,59.45133643025434,40.58590006844627,349,4,0
82.09,7,0,0,94.08804445135434,39.00068446269678,5512,3,0
56.09,8,5,1,96.32769940237239,50.78165639972622,10256,2,0
33.76,14,4,0,66.00926928587579,30.590006844626966,7646,0,0
1.3,12,5,1,69.90104906724868,48.12867898699521,1760,9,0
79.95,6,6,1,103.74110592478928,32.0,910148,2,0
76.82,21,1,0,43.893502667477335,64.55304585900069,973849,7,0
79.18,5,3,0,24.321901768285887,31.975359342915812,151815,8,0
153.2,15,2,0,117.96227907392232,37.80150581793292,3684,0,0
57.87,21,1,0,54.34871625336573,28.11772758384668,828,7,0
1.84,14,4,0,84.946684190235,60.46269678302532,308,5,0
7.63,8,0,0,23.26311129429484,90.78165639972622,18459,12,0
113.6,4,6,1,112.3624082175431,49.57973990417522,648,4,0
94.94,12,6,1,22.15956710670049,41.67830253251198,11250,9,0
9.47,21,5,1,48.60304630126343,77.30869267624914,369,10,0
77.76,18,3,0,97.2272674614062,46.26694045174538,110,10,0
40.55,12,6,1,74.55142462384813,45.880903490759756,14871,1,0
2.51,11,0,0,62.8295111106174,49.36892539356605,45303,9,0
92.28,11,0,0,66.72446780476842,57.620807665982205,4367,12,0
69.45,22,1,0,60.016987092163546,35.6331279945243,1166,8,0
53.6,21,1,0,79.59798929181159,31.581108829568787,3285,0,0
39.93,19,5,1,25.14645025748597,63.73990417522245,973849,6,0
2.69,17,2,0,32.32748038706697,55.61396303901437,6581,10,0
52.33,19,5,1,71.67219392096106,47.761806981519506,5950,6,0
87.84,6,0,0,83.03352559619606,33.040383299110196,1645,4,0
86.13,8,5,1,69.41168068288916,25.034907597535934,1770,4,0
14.19,15,4,0,53.01451677676616,28.268309377138944,8830,6,0
4.69,16,6,1,61.30860328704355,39.630390143737166,5512,13,0
23.92,16,5,1,101.13196508524705,34.16290212183436,1526206,11,0
144.94,22,2,0,116.2681954156576,25.541409993155373,391389,0,0
22.04,12,2,0,121.19770878106871,54.58179329226557,4664,6,0
44.57,14,4,0,130.08110749257813,60.79397672826831,2566,5,0
166.55,4,2,0,114.83918417116656,26.636550308008214,5161,4,0
3.0,22,2,0,48.36505689783825,23.630390143737166,564,5,0
22.83,17,3,0,91.05314510265804,33.568788501026695,824,7,0
64.08,7,2,0,52.280537574782336,34.559890485968516,12349,8,0
3.97,22,0,0,79.26325078798634,46.6611909650924,922,1,0
495.32,21,3,0,96.2742500316499,35.7782340862423,144160,12,0
93.09,20,1,0,65.33569608445184,20.54757015742642,895,8,0
58.26,7,6,1,47.35880654504534,47.214236824093085,922,2,0
52.76,21,6,1,50.03396315651986,29.650924024640656,140,1,0
2.7,22,5,1,127.36417125101178,26.60369609856263,123373,12,0
115.01,2,6,1,110.50933009698585,56.648870636550306,1766,4,0
73.15,6,4,0,99.75506722542946,64.45722108145107,350,0,0
47.64,14,3,0,29.513381117246354,41.06228610540725,1446,7,0
88.19,4,1,0,113.76951811058154,41.40177960301163,565,11,0
261.4,19,0,0,72.89139259343368,32.67077344284736,1186,5,0
3.24,21,6,1,89.2372001662718,48.303901437371664,2526,13,0
139.49,6,3,0,36.33454239959741,63.59753593429158,532,4,0
30.08,20,4,0,106.12622975588194,58.17659137577002,628,5,0
4.7,14,6,1,98.60880077169733,51.75906913073238,333497,13,0
12.36,18,6,1,72.72096841956288,29.935660506502394,77,1,0
194.41,11,5,1,91.0643289689157,37.46748802190281,1312922,8,0
50.1,19,1,0,20.65010258787201,51.945242984257355,581,6,0
18.04,16,5,1,18.701241989671143,46.280629705681044,2121,10,0
9.13,13,1,0,99.97989187382235,44.27926078028747,3096,11,0
4.37,13,5,1,125.31358226438681,42.535249828884325,19054,9,0
1.33,2,1,0,88.46781229881118,54.403832991101986,804,9,0
77.28,18,1,0,70.33406780447082,29.620807665982205,1078,6,0
46.43,7,3,0,70.16951082787492,28.640657084188913,4056,3,0
67.19,14,3,0,77.79754851815694,28.889801505817932,137,1,0
59.26,20,5,1,55.44965028706649,35.12936344969199,3451,1,0
77.56,5,4,0,80.1714821450481,64.17796030116358,355,2,0
35.22,16,2,0,121.6328129216434,21.842573579739906,3224,5,0
85.0,1,5,1,87.11000562052449,61.44832306639288,2566,2,0
39.97,19,5,1,48.26781162272186,90.45311430527036,276,6,0
9.79,12,5,1,102.74078998262259,20.58590006844627,2870,12,0
41.87,13,1,0,61.002163802219904,32.3586584531143,647,5,0
46.47,21,5,1,112.90487739733713,31.329226557152634,2523,12,0
66.73,18,5,1,97.43606634045226,38.078028747433265,5848,7,0
38.62,15,3,0,84.12871717977322,25.409993155373034,391389,7,0
125.93,16,0,0,63.54213736263537,41.01300479123888,158701,6,0
1.02,11,0,0,86.21565779792138,59.58384668035592,502,9,0
57.47,18,0,0,111.68751363348471,29.73305954825462,1078,1,0
162.5,2,0,0,115.3453743287148,83.26078028747433,1288,4,0
11.59,20,4,0,100.61403305887382,20.971937029431896,17867,6,0
4.23,3,0,0,44.358097904923284,89.62628336755647,19090,12,0
118.87,6,1,0,81.00484755403654,54.53798767967146,804,4,0
21.58,7,6,1,56.6931639678833,44.2984257357974,320420,9,0
9.14,8,5,1,91.38373512947871,58.288843258042434,736284,8,0
238.04,0,0,0,94.22571777929255,33.57152635181382,105638,8,0
15.5,19,3,0,82.60969711247101,49.021218343600275,190,0,0
62.55,9,6,1,80.14377344237761,16.799452429842574,1512,2,0
35.76,21,6,1,99.37867741125041,23.353867214236825,564,6,0
3.71,18,6,1,83.21415075223024,20.8186173853525,2870,11,0
4.96,23,0,0,128.1747739293867,20.10403832991102,28739,1,0
47.22,4,4,0,130.32478373397427,36.75290896646133,1571,9,0
33.38,16,5,1,74.40679767201712,41.82067077344285,16183,10,0
39.19,8,6,1,37.095066099494645,51.20876112251882,2470,2,0
9.31,14,1,0,114.1205822261415,32.02464065708419,5211,13,0
88.8,7,5,1,106.87522955128978,90.4996577686516,52126,2,0
20.16,23,1,0,106.13008495405329,47.4715947980835,55581,6,0
40.59,19,6,1,95.48746630471864,19.06091718001369,8874,10,0
218.66,4,4,0,99.06091890468485,39.90417522245038,6469,4,0
1.31,7,3,0,90.81439580753151,74.68035592060232,1165,8,0
108.78,21,3,0,45.991744586325645,69.65366187542779,5457,6,0
195.63,3,0,0,86.01903697539286,44.24640657084189,1263321,4,0
38.93,21,2,0,34.394282837815844,46.76522929500342,271,1,0
56.43,13,1,0,105.7437019312963,40.5201916495551,5760,10,0
4.28,17,4,0,93.29787659354284,88.11772758384669,571,5,0
84.86,8,5,1,65.50817359643742,34.20123203285421,718,2,0
18.98,13,4,0,101.46932444429264,49.51403148528405,1656,1,0
66.38,1,6,1,84.99052863130021,25.4839151266256,71335,2,0
56.87,2,1,0,63.69565793490905,42.63381245722108,1680,3,0
64.62,8,6,1,100.28408338285422,26.954140999315538,86954,2,0
51.09,6,6,1,73.81037950276229,59.43052703627652,1506,2,0
42.07,17,1,0,52.75966542912066,65.8507871321013,969,5,0
44.0,14,5,1,47.49611414944556,49.21834360027378,46563,7,0
62.07,21,6,1,64.4358688452539,32.903490759753595,11432,1,0
1.66,18,0,0,100.28119514050766,46.09993155373032,687276,9,0
86.21,16,5,1,58.801278633470076,36.41067761806981,116155,7,0
121.13,21,1,0,105.38343567558326,15.961670088980151,1512,1,0
79.33,19,1,0,82.44321808359844,33.52498288843258,741,0,0
49.56,15,5,1,60.654752522967385,37.158110882956876,639,7,0
42.64,14,3,0,77.47724002924677,79.2826830937714,493,0,0
149.87,12,5,1,50.747102011525,43.79739904175222,5548,5,0
65.33,14,4,0,105.04829538897846,31.21971252566735,888,6,0
28.4,20,4,0,95.53287516539643,37.229295003422315,4729,6,0
72.82,11,0,0,25.545840300526653,43.37303216974675,1595797,4,0
40.75,4,6,1,99.31340803250748,31.186858316221766,888,3,0
95.2,6,2,0,74.09848731452801,28.49281314168378,1382480,2,0
6.56,22,1,0,19.663821217576235,26.494182067077343,4512,1,0
3.47,16,5,1,39.412856255093615,68.56673511293634,1139,6,0
8.75,16,2,0,62.686412585895134,25.560574948665298,391389,13,0
18.4,21,3,0,58.40038438796435,70.63381245722108,4508,7,0
5.8,21,6,1,58.20004353903917,68.14784394250513,1139,0,0
9.85,14,6,1,32.9125840820672,41.14989733059548,1563,13,0
25.65,2,4,0,61.35104640463783,25.66735112936345,4354,3,0
25.17,14,0,0,18.245705112048068,57.14989733059548,1766,1,0
2.28,11,6,1,77.55000810098096,85.73032169746749,12486,12,0
210.19,11,0,0,113.77170506703807,38.1409993155373,124967,8,0
145.07,5,5,1,59.51951650012426,79.41957563312799,61,11,0
75.49,3,6,1,100.35273986665118,55.121149897330596,3032,1,0
71.6,22,6,1,117.17940409340142,34.997946611909654,1858,6,0
42.86,4,0,0,56.36918588187145,25.579739904175224,641,9,0
3.67,16,5,1,86.23244888873052,18.442162902121833,92608,12,0
3.37,10,5,1,133.8623884821744,50.2258726899384,23,11,0
101.99,5,1,0,38.57162462800518,70.59000684462697,1274,2,0
522.05,14,0,0,72.93118416304264,39.88227241615332,595,13,0
18.0,23,2,0,74.08296623977365,30.09719370294319,530,7,0
107.79,0,0,0,48.38725390454086,48.57221081451061,5950,2,0
19.42,18,5,1,13.790461180141195,62.75427789185489,263,7,0
86.83,19,0,0,110.6013351268079,35.110198494182065,19685,6,0
79.41,11,1,0,56.987183723865,57.59069130732375,370,2,0
69.36,7,0,0,125.13330391297352,46.5927446954141,749635,2,0
181.18,1,0,0,65.35609584885205,44.982888432580424,14871,4,0
50.79,11,3,0,3.1815778126504553,19.515400410677618,111,2,0
4.55,12,0,0,69.45423443664511,20.28747433264887,166081,11,0
5.07,17,6,1,79.93529738297559,47.66872005475702,31515,7,0
27.78,16,5,1,63.348308038735546,14.373716632443532,267,11,0
96.04,21,0,0,63.229907539746165,40.77481177275838,6469,7,0
39.16,8,0,0,81.19028119916143,31.972621492128678,647,8,0
9.37,22,6,1,119.03445564135102,58.69952087611225,2158,7,0
52.98,9,3,0,75.4177835144237,34.70225872689939,3451,4,0
105.04,3,3,0,44.252523659672576,85.82340862422998,3289,3,0
110.26,0,6,1,120.95429513386009,35.5482546201232,467,4,0
6.94,3,4,0,33.39823137085271,56.03285420944559,222,12,0
76.15,23,3,0,84.41006733337437,40.544832306639286,565,5,0
8.03,8,6,1,65.11947219331434,78.70499657768652,8007,9,0
139.12,20,0,0,109.65907626845477,23.644079397672826,372,12,0
47.15,9,5,1,29.558207944705046,22.2943189596167,972,2,0
138.0,5,6,1,88.77756812520401,73.90280629705681,2518,1,0
90.38,7,0,0,91.98725954312812,30.28336755646817,530,4,0
42.55,14,6,1,118.00781958383678,69.99863107460644,776,6,0
4.8,17,4,0,90.18437522057596,26.535249828884325,116001,12,0
50.64,8,0,0,83.65389232495704,43.219712525667354,1595797,4,0
52.68,7,0,0,59.795025500646666,65.36892539356604,139,3,0
82.29,21,1,0,80.77357904898801,49.23750855578371,479994,5,0
9.29,23,4,0,110.71271496247105,33.83436002737851,6951,10,0
81.17,14,0,0,18.372650635709512,39.11841204654346,134056,7,0
3.65,12,1,0,30.372905591979055,20.92539356605065,3202,10,0
9.72,15,6,1,12.666804018403608,32.427104722792606,16163,12,0
151.83,18,0,0,20.30405182339445,42.171115674195754,1680,12,0
175.76,14,3,0,47.873764684818546,69.99315537303217,13717,10,0
14.91,12,0,0,53.84573152338089,51.611225188227245,248,10,0
54.03,7,2,0,104.09356406831122,31.137577002053387,888,2,0
3.82,14,6,1,68.49039951310704,41.22108145106092,158701,1,0
138.68,21,6,1,44.54128694506404,25.65366187542779,95,12,0
8.03,7,6,1,71.97009209617451,53.16632443531827,277,12,0
7.02,1,3,0,111.29246147838778,55.43874058863792,11751,11,0
3.91,17,0,0,74.61324124303341,35.81656399726215,3766,11,0
61.53,13,5,1,111.8628263142638,37.45379876796714,395,1,0
4.8,8,5,1,76.03509270236222,49.464750171115675,365,11,0
5.18,15,4,0,75.60105810766834,49.06502395619439,2526,1,0
5.09,5,0,0,41.340691595483605,31.698836413415467,151815,8,0
6.83,15,5,1,92.85629907741766,49.01026694045174,248858,9,0
81.92,3,6,1,114.69230507644862,63.17316906228611,70,2,0
216.1,21,2,0,52.04373796543767,33.29226557152635,2836,0,0
1.04,21,2,0,20.3722225499217,42.718685831622174,19054,12,0
72.73,13,1,0,83.53296345813108,25.987679671457904,1504,0,0
15.35,14,6,1,27.91465815002991,83.83572895277207,31970,5,0
104.89,15,1,0,46.78135600547546,21.921971252566735,3202,5,0
67.9,6,6,1,4.295231583597612,53.30595482546201,1420,2,0
1.05,18,2,0,81.13981585732208,45.96577686516085,190178,11,0
25.52,16,4,0,102.14526451829195,44.63791923340178,1725,7,0
79.61,3,5,1,69.54147820144082,34.25325119780972,1493,2,0
3.42,23,6,1,55.767999063523945,35.252566735112936,13602,13,0
37.66,8,6,1,73.44553890247765,49.60164271047228,365,2,0
63.47,16,1,0,88.27830972078884,28.605065023956193,1382480,0,0
1.66,15,5,1,53.82919443127452,57.659137577002056,247,13,0
57.34,7,0,0,76.13262913513663,60.941820670773446,198,2,0
67.42,9,4,0,119.33642275223211,47.87679671457906,1760,2,0
8.79,20,3,0,19.131861298552995,26.29158110882957,54185,11,0
170.21,22,3,0,109.16170026846382,42.24503764544832,378909,10,0
9.16,2,1,0,23.376542605055445,59.53182751540041,6460,11,0
62.17,16,5,1,82.35746006309905,35.43874058863792,79008,6,0
123.98,15,4,0,98.42357079289312,35.474332648870636,144160,7,0
3.19,11,0,0,46.58591887959367,68.96098562628337,467,9,0
47.15,22,6,1,22.30135739574689,39.66872005475702,172247,5,0
111.69,10,4,0,67.30116134155155,54.31895961670089,4664,4,0
34.22,8,0,0,65.48735549604858,86.3791923340178,18760,2,0
4.43,18,6,1,78.03484348155476,20.254620123203285,3807,9,0
124.07,2,6,1,13.83955502093476,28.791238877481177,498,4,0
33.9,0,4,0,36.89731242503346,42.92402464065709,3776,3,0
155.83,19,4,0,60.364632446930166,63.21149897330596,263,1,0
7.01,16,5,1,112.38035392140155,28.79397672826831,1228,11,0
132.15,1,3,0,109.40461893158574,59.893223819301845,1241364,1,0
9.69,23,6,1,83.42306860254102,25.793292265571527,2691,12,0
45.24,20,1,0,94.74558595074924,57.79876796714579,153,7,0
43.46,18,0,0,129.03648277188546,60.11225188227242,464,0,0
108.68,8,5,1,94.65846754542109,47.279945242984255,1261,4,0
1.21,14,6,1,59.44062038301127,45.28678986995209,14871,11,0
26.7,14,6,1,66.58806007133727,84.290212183436,5648,5,0
60.81,9,0,0,85.30092687390491,43.46338124572211,324,2,0
45.99,16,0,0,84.96557907466448,48.09308692676249,5950,6,0
53.58,12,5,1,64.17197931437133,36.85694729637235,42817,11,0
66.69,20,5,1,96.88581685103308,34.03696098562629,2223,1,0
57.64,13,6,1,81.2761332613638,46.261464750171115,1749,7,0
1.58,15,6,1,91.52790139993144,19.906913073237508,1312922,11,0
27.86,13,6,1,75.54158966801671,53.39082819986311,1383,0,0
224.04,4,0,0,121.9929096618609,35.42505133470226,144160,4,0
197.51,13,0,0,108.86757381892058,38.27789185489391,836,5,0
97.07,3,0,0,70.16348804777343,44.446269678302535,1841,4,0
79.66,16,3,0,91.95068888008605,80.99657768651609,4081,6,0
29.85,20,6,1,117.21306614242869,48.82135523613963,248858,0,0
79.15,20,2,0,52.61413270444108,45.97125256673511,1453,0,0
69.28,3,6,1,100.84033769369323,38.847364818617386,124967,4,0
126.82,12,4,0,91.65980269433466,21.163586584531142,1423,9,0
4.02,16,0,0,101.65749709895428,88.56673511293634,571,13,0
13.5,16,4,0,68.45882521796652,19.95071868583162,2870,0,0
75.39,12,2,0,53.607273927534344,32.766598220396986,99,10,0
1.62,15,5,1,105.3948691187247,47.21149897330596,528,1,0
8.71,20,5,1,104.32074922277864,28.654346338124572,498,5,0
32.51,7,4,0,68.78449484789805,45.002053388090346,177,9,0
132.32,10,5,1,99.40519169602456,75.1731690622861,914,4,0
74.76,9,4,0,111.50020937387808,38.209445585215605,49,2,0
40.46,5,5,1,64.05909749600558,30.439425051334702,7646,3,0
114.33,3,2,0,92.48585179377308,42.82819986310746,313,4,0
14.16,23,4,0,61.28202919043624,18.420260095824776,272,6,0
106.94,21,3,0,111.65494307036269,45.106091718001366,566,6,0
285.65,22,5,1,79.95542894361442,55.96167008898015,192,5,0
28.01,10,0,0,57.907872175779744,24.177960301163587,128715,3,0
56.61,16,0,0,87.63260809169778,65.96851471594798,1831,7,0
50.28,15,0,0,104.26680615848423,24.788501026694046,391389,10,0
6.73,8,4,0,108.40289599365876,51.79739904175222,9587,12,0
9.04,19,0,0,68.1555369849773,63.846680355920604,76,5,0
91.56,0,0,0,68.15194939125398,46.431211498973305,123,4,0
3.79,21,6,1,88.78391534470876,37.040383299110196,186140,10,0
56.19,10,0,0,102.91722590017548,39.32922655715264,134056,2,0
43.97,15,0,0,50.50625766715292,27.904175222450377,128354,11,0
188.08,21,1,0,105.02702016236928,35.83846680355921,59744,11,0
85.36,19,1,0,72.19735895005854,49.14989733059548,1979,7,0
5.22,20,1,0,56.50155397525023,41.672826830937716,1563,1,0
66.72,5,6,1,83.97779644040419,31.45242984257358,12335,2,0
115.7,15,6,1,103.69948766399614,63.800136892539356,973849,5,0
117.57,20,6,1,86.37923199849554,34.52977412731006,1526206,0,0
116.35,10,6,1,104.96183534935511,44.591375770020534,1804,11,0
47.1,16,0,0,48.57471135243392,36.15605749486653,2060,7,0
5.5,0,0,0,63.14898106551273,53.37713894592745,519,9,0
84.47,0,3,0,75.37879744192533,25.4839151266256,19408,2,0
92.2,14,5,1,127.34088443184834,30.406570841889117,341043,10,0
64.0,9,5,1,68.82142527455049,33.998631074606436,760,2,0
1.75,8,4,0,96.65665811377099,54.99520876112252,7987,9,0
43.74,6,4,0,85.37797595930829,32.309377138945926,242,2,0
185.94,2,2,0,60.015632235343155,45.724845995893226,151785,4,0
106.67,19,6,1,58.515392181168004,82.40657084188912,47211,10,0
16.15,16,4,0,64.79646089352906,80.53388090349075,376,7,0
109.74,10,4,0,40.69921457593358,51.68514715947981,571,4,0
9.9,22,5,1,112.39931517233906,26.308008213552363,116001,10,0
50.55,11,5,1,81.43863495821036,46.195756331279945,5621,8,0
16.91,18,4,0,80.28527902231106,47.383983572895275,5901,10,0
686.27,20,6,1,112.88664858947186,21.815195071868583,3224,9,0
86.37,1,1,0,44.781312085780655,72.55304585900069,6018,4,0
65.66,21,6,1,60.05054103890223,30.781656399726216,632,1,0
48.11,13,3,0,86.32918172438117,68.4271047227926,1139,1,0
28.77,8,1,0,21.26174969453222,50.17659137577002,1656,2,0
2.97,5,6,1,50.58652288330924,74.03422313483915,184,11,0
75.37,6,6,1,76.07114578404575,19.835728952772072,136,2,0
2.75,15,6,1,77.93327120631355,41.79329226557152,3996,11,0
80.09,10,4,0,91.77548159412144,65.31690622861053,695,2,0
41.56,3,0,0,83.07628145386617,20.309377138945926,1423,2,0
151.64,1,3,0,82.89792032294994,53.61533196440794,653,4,0
2.76,14,0,0,93.66568056701188,43.723477070499655,1766,0,0
32.78,17,0,0,45.27145654807551,78.60643394934976,36784,6,0
164.3,20,2,0,100.57767788884273,82.89390828199863,47211,7,0
38.29,23,1,0,69.16911680392133,45.72210814510609,381459,7,0
151.86,2,3,0,93.86961226651677,62.85831622176591,759,4,0
50.78,5,3,0,88.25122095650458,39.123887748117724,509,2,0
81.06,12,6,1,23.371515699747242,35.51813826146475,673342,6,0
5.28,8,1,0,47.227903996318744,91.4798083504449,3066,8,0
85.41,4,1,0,40.84559064354807,64.06023271731691,76,4,0
33.48,16,0,0,53.09094215942679,23.737166324435318,128715,1,0
11.45,5,6,1,36.76295491538657,47.80287474332649,753116,9,0
12.18,18,1,0,76.45184752741581,37.36344969199179,172817,5,0
49.69,7,2,0,126.88910625019311,42.97604380561259,641349,3,0
56.61,16,6,1,76.96654904067265,28.906228610540726,498,7,0
135.72,5,1,0,87.96616953866395,31.68788501026694,647,4,0
74.38,19,6,1,66.07042456332583,30.11088295687885,140,10,0
8.24,20,4,0,89.01636875246815,44.51745379876797,75830,12,0
1147.36,23,6,1,73.57581313436441,22.491444216290212,20478,11,0
20.59,19,6,1,100.00399327335765,58.888432580424364,2135,7,0
50.14,15,2,0,111.44165057740385,60.93360711841205,937,0,0
72.4,19,6,1,96.45577025424447,38.36002737850787,2457,0,0
8.63,11,2,0,79.67402911639434,65.16358658453115,969,9,0
71.48,1,3,0,18.97473675697369,57.91649555099247,5908,3,0
9.7,3,0,0,123.96438523896296,61.111567419575636,1196,9,0
125.93,22,0,0,35.313941781645696,29.919233401779604,1228,5,0
76.27,7,3,0,110.65049763248922,46.351813826146476,3688,4,0
64.81,19,4,0,101.83799355889745,42.82546201232033,1643,7,0
2.52,23,6,1,81.00562793884298,47.36208076659822,31515,9,0
31.62,10,6,1,104.44615214549387,37.360711841204655,1789,3,0
53.24,16,0,0,119.22188087730777,25.73579739904175,71335,11,0
13.27,23,6,1,78.45334870085028,37.24572210814511,1789,6,0
72.38,4,0,0,92.97827501164512,46.573579739904176,190178,2,0
64.76,22,3,0,92.49713151022954,28.32306639288159,1382480,0,0
15.3,13,1,0,106.46760118283463,42.54072553045859,399,0,0
5.37,14,0,0,111.27059742168811,51.93976728268309,13835,6,0
7.34,2,5,1,80.24819136048687,56.90622861054072,207,9,0
89.34,7,0,0,47.007606662501466,20.3750855578371,6841,2,0
24.08,16,6,1,46.27142253372033,38.559890485968516,3104,6,0
23.59,19,5,1,61.42418081944206,65.15537303216975,4778,6,0
4.0,19,4,0,105.6378292815185,36.46269678302532,328,1,0
91.93,22,0,0,47.26071973055863,48.07939767282683,270712,12,0
119.61,16,1,0,69.58027482358044,43.76728268309377,5548,5,0
71.58,4,0,0,8.782184261013587,41.38809034907597,3279,4,0
2.94,0,2,0,69.45927763766827,73.6974674880219,184,11,0
51.69,8,1,0,77.00072661897461,51.59479808350445,673342,2,0
25.98,12,6,1,35.13447947471263,32.21081451060917,94325,6,0
4.97,13,1,0,98.55960770037734,35.66598220396988,178,13,0
147.47,12,3,0,43.88181705712958,39.67967145790554,757530,6,0
73.57,6,2,0,51.58725972570669,77.35249828884326,140,2,0
123.94,21,4,0,66.20990981151654,50.91854893908282,78968,7,0
47.25,2,0,0,117.51711726804297,77.92197125256673,2328,2,0
126.53,18,6,1,94.50993553788031,42.392881587953454,3776,0,0
3.31,6,0,0,47.122525435533774,74.56536618754278,914,8,0
71.73,4,6,1,92.39527789423913,66.84462696783025,10717,1,0
77.31,19,0,0,75.69060738468318,45.59069130732375,100,0,0
4.1,21,0,0,78.37200521075162,26.688569472963724,86954,11,0
3.23,1,4,0,69.72609505252066,56.95003422313484,2092,9,0
169.76,12,0,0,122.01132613495705,25.39082819986311,15623,10,0
1.7,9,4,0,98.62992208518818,62.02874743326489,1414,8,0
1113.37,22,1,0,80.81162024626097,32.35044490075291,832,11,1
478.26,3,5,1,47.202578905318106,33.82067077344285,1970,8,0
78.39,20,5,1,46.66953933215524,22.661190965092402,276896,5,0
9.77,1,0,0,67.15894962957495,70.72142368240931,2661,12,0
244.38,15,2,0,91.23829444627921,46.12457221081451,302,11,0
3.36,9,0,0,88.8500671321791,52.57494866529774,581,8,0
21.53,15,4,0,98.1093403998253,57.451060917180016,1443,5,0
5.25,8,4,0,80.2886733150653,30.628336755646817,7268,8,0
45.15,22,0,0,106.3749519078772,64.19164955509925,4677,10,0
71.05,15,6,1,111.97589307685105,50.913073237508556,92985,1,0
70.13,15,1,0,87.07562532943227,33.25119780971937,795,1,0
20.19,22,5,1,108.09920435446304,57.47296372347707,1443,5,0
52.93,8,1,0,123.07774595548739,39.898699520876114,1532,3,0
122.19,5,3,0,107.02728130364994,63.06639288158795,489,4,0
199.26,18,6,1,62.097019285323775,17.793292265571527,272,12,0
3.3,14,0,0,77.54358628441803,77.55783709787816,2328,10,0
64.39,19,5,1,46.79175855629246,51.227926078028744,78968,10,0
61.1,1,0,0,83.26877653115376,49.28405201916495,67082,4,0
145.62,3,3,0,80.12250117831509,50.76796714579056,584,4,0
4.89,15,0,0,108.23282924454335,35.854893908282,59744,11,0
22.63,18,5,1,97.9365882376359,56.323066392881586,2054,10,0
10.93,19,5,1,54.60539106687866,18.732375085557837,8874,0,0
247.97,0,4,0,106.87603566979361,40.785763175906915,79613,8,0
991.3,3,0,0,74.33901781615833,46.91581108829569,765,11,1
118.52,8,0,0,75.85596956305741,90.57357973990418,217,4,0
77.74,3,0,0,86.3301136326683,51.893223819301845,92337,2,0
163.57,8,0,0,89.49417100934232,84.82409308692677,1533,4,0
7.84,22,1,0,38.11308630865842,47.030800821355236,18408,0,0
42.77,20,0,0,13.923864173542647,52.50102669404517,301,0,0
3.76,20,3,0,103.5104381088355,34.32991101984942,718,11,0
1.18,12,6,1,92.31163175119164,31.463381245722108,910148,12,0
4.19,14,2,0,60.95562179119102,23.72895277207392,518429,10,0
34.65,6,6,1,32.2516490659562,28.438056125941138,137,9,0
38.08,13,1,0,80.13097888543459,51.39493497604381,743,1,0
52.16,17,4,0,47.80165041249589,41.19644079397673,349,1,0
2.7,11,4,0,77.80776395138572,60.95003422313484,4895,8,0
6.73,18,3,0,102.37691910969278,42.1409993155373,16183,12,0
9.02,17,4,0,126.71257998897727,24.019164955509925,93193,12,0
92.87,10,4,0,133.65296023755525,68.0848733744011,427,4,0
91.66,4,0,0,35.03706624431818,34.98151950718686,1858,4,0
2.78,7,4,0,109.71299501834561,63.742642026009584,4677,9,0
9.48,23,6,1,63.356519279342216,43.540041067761805,1643,12,0
16.2,11,4,0,30.472738036892757,49.86447638603696,3289,0,0
102.54,4,0,0,60.728968332816834,37.24024640657084,639,4,0
49.73,8,0,0,125.29913042942736,65.36618754277892,26120,1,0
102.33,1,6,1,108.81678019769926,38.38466803559206,509,4,0
144.67,12,3,0,36.43342178951333,21.587953456536617,606,0,0
7.0,22,2,0,75.9306929227967,40.7501711156742,757530,9,0
30.87,14,5,1,99.66565214359537,34.94866529774127,59744,7,0
35.87,9,6,1,105.25405824474973,31.572895277207394,7268,4,0
56.31,10,0,0,83.64005157232249,48.309377138945926,34496,3,0
80.54,20,3,0,45.385038170089295,51.728952772073924,206,1,0
56.44,8,5,1,78.97042898696246,21.83709787816564,20478,2,0
5.15,5,6,1,51.80017178717013,63.28815879534565,1892,11,0
33.15,19,6,1,74.5614037785411,67.07734428473648,4603,7,0
61.27,15,0,0,54.31162139482749,85.07871321013005,276002,7,0
1.01,6,3,0,77.57420459519284,63.43052703627652,489,11,0
3.77,10,1,0,47.29094608516743,34.62286105407255,6006,8,0
73.4,17,2,0,116.50508690974169,87.23066392881589,341,7,0
19.11,3,2,0,84.15469258876405,20.205338809034906,3807,3,0
38.56,17,6,1,97.9680162842845,51.67967145790554,899,7,0
81.56,15,2,0,18.96154540055827,26.00958247775496,42384,6,0
39.14,17,6,1,89.02474836778369,47.644079397672826,343,6,0
61.38,2,6,1,92.60378648740989,24.61054072553046,733,2,0
40.86,19,6,1,38.16223090331446,48.002737850787135,213,7,0
71.17,16,0,0,51.63475419284048,34.34360027378508,928,10,0
7.52,21,0,0,63.296809404827115,49.87542778918549,1979,10,0
72.82,5,0,0,116.5673453603987,22.976043805612594,31394,4,0
44.58,1,0,0,71.40835890397732,64.73100616016427,695,2,0
118.8,0,4,0,73.4723552803233,35.37577002053388,1858,4,0
195.2,14,2,0,96.64633244148492,58.34633812457221,2208,0,0
6.81,0,1,0,65.00561840661635,52.21629021218344,5989,12,0
46.85,10,3,0,102.66045856368562,41.33607118412046,10076,9,0
3.32,20,6,1,71.38724931590436,55.40588637919233,2317,13,0
217.73,9,3,0,70.66584097612812,54.5845311430527,470,11,0
3.74,17,1,0,49.52309032537352,38.587268993839835,493806,13,0
57.7,20,3,0,44.22206199364174,32.16427104722793,910148,5,0
10.73,12,0,0,77.20047347448366,26.157426420260094,42384,6,0
147.24,2,6,1,24.277313770246323,25.57700205338809,970,12,0
128.77,7,3,0,73.42180277071456,46.1409993155373,2121,4,0
105.79,14,0,0,89.04280739255282,34.69952087611225,20328,7,0
33.44,6,4,0,121.76291997712005,34.32991101984942,94014,3,0
16.09,16,0,0,69.56313932138542,32.23271731690623,5211,10,0
1.19,12,2,0,46.544138392034064,72.88432580424367,128,6,0
41.41,20,1,0,12.465326851203576,27.93429158110883,107941,11,0
70.22,2,1,0,57.51096846021697,78.57905544147845,4593,2,0
53.06,10,6,1,94.47303322481993,21.645448323066393,4542,2,0
283.18,13,3,0,79.91614800067336,89.70020533880904,276,5,0
36.82,17,0,0,87.31165742954101,73.63723477070499,2518,10,0
224.34,13,5,1,83.39641300709316,57.42094455852156,4154,5,0
6.68,19,4,0,76.91428212877878,43.63860369609856,1766,12,0
218.79,20,5,1,41.29416074898333,64.4599589322382,1126,5,0
7.49,8,6,1,79.24966793808814,69.1772758384668,13717,12,0
117.78,9,6,1,103.19971947550806,29.828884325804243,286,12,0
52.3,22,6,1,88.499893978026,17.8507871321013,272,4,0
26.94,21,4,0,83.94254048392156,26.50239561943874,4512,1,0
37.01,14,5,1,53.434709511083206,49.90006844626968,1656,5,0
32.77,23,3,0,23.149631732912447,43.474332648870636,513,7,0
2.9,19,3,0,35.48290174557284,31.59753593429158,54767,11,0
61.83,12,2,0,70.5614253134784,26.559890485968516,86954,7,0
7.07,14,6,1,92.39219401925833,47.841204654346335,2036,0,0
34.06,23,6,1,50.05786506918817,78.64476386036961,68211,10,0
38.96,7,6,1,78.04006354861522,28.79397672826831,1654,9,0
4.28,6,3,0,99.74017005961751,64.4435318275154,355,11,0
58.26,6,0,0,44.218106499899555,27.225188227241617,1352,2,0
991.22,22,6,1,61.74023918200832,90.91854893908283,1146,11,1
23.06,15,1,0,23.379544113165007,24.35318275154004,5341,7,0
30.96,17,2,0,68.98736291168746,22.130047912388775,3224,1,0
29.93,10,4,0,68.93619143234959,35.45242984257358,1858,9,0
45.42,17,1,0,106.11359271387944,35.9917864476386,21134,7,0
52.42,5,6,1,106.53672418230596,48.29568788501027,551,2,0
69.53,4,1,0,92.7555399738729,32.251882272416154,2206,4,0
4.05,14,6,1,125.58507203867977,39.45790554414784,172247,7,0
118.63,4,6,1,103.32622554004087,55.75085557837098,1850,4,0
19.96,3,5,1,68.8981402498894,25.166324435318277,391389,9,0
120.41,6,4,0,18.44621682630555,70.70499657768652,1190,4,0
172.65,14,2,0,84.84224748998832,20.03832991101985,976,12,0
14.87,17,2,0,47.49981359513054,36.55304585900068,1574,5,0
100.95,21,5,1,25.314482963181817,47.03901437371663,863,0,0
44.92,17,3,0,73.31605553532792,39.06639288158795,509,10,0
3.88,19,0,0,56.763656669498474,25.935660506502394,19408,12,0
52.73,19,5,1,91.4800669723339,67.00068446269678,1263321,7,0
65.64,2,0,0,104.6189227732143,25.987679671457904,116001,2,0
9.81,21,4,0,76.95401737788606,22.409308692676248,20478,13,0
6.1,1,3,0,60.55599580478625,94.73237508555783,9784,12,0
34.24,9,1,0,66.73703172558434,29.075975359342916,3085,3,0
795.23,9,5,1,88.48081181995985,65.07323750855578,602,11,0
26.86,19,5,1,62.87274564688289,24.802190280629706,391389,10,0
77.59,10,0,0,103.95633821620054,34.286105407255306,1970,2,0
2.94,21,0,0,9.523033829842111,23.813826146475016,128715,1,0
136.46,17,6,1,17.724147110070213,28.66803559206023,137,12,0
103.92,17,5,1,31.561429808695163,81.43737166324435,376,1,0
12.77,17,5,1,76.06108352071969,34.195756331279945,76383,1,0
74.8,21,5,1,72.71631271415356,38.91854893908282,1126,5,0
22.37,21,6,1,92.8424045616967,49.869952087611225,25459,10,0
232.13,7,3,0,89.12931895540939,78.89938398357289,1363,9,0
60.18,2,5,1,111.53160873205341,35.436002737850785,3451,2,0
8.87,21,2,0,98.41932185335806,28.536618754277892,69,10,0
88.44,12,6,1,26.033993013989615,42.65571526351814,8269,7,0
85.84,9,5,1,51.23365876527218,37.03764544832307,186140,3,0
28.52,14,5,1,114.61404560538722,55.67967145790554,2078,6,0
78.33,18,0,0,100.19424046971417,51.997262149212865,2435,6,0
20.35,21,0,0,66.83889337261684,63.16495550992471,222785,6,0
70.87,15,2,0,88.63528229090616,47.46611909650924,31515,7,0
234.86,11,1,0,84.274587890953,66.46954140999316,4603,0,0
54.25,15,5,1,101.18510308188762,71.39767282683094,1190,1,0
48.35,1,4,0,88.87725444200368,73.97672826830937,5732,2,0
1.44,13,0,0,41.81935051515266,41.62628336755647,158701,11,0
45.37,12,5,1,42.80336667546367,53.445585215605746,2786,10,0
58.58,1,6,1,79.47933963930328,20.88158795345654,17867,2,0
52.48,6,2,0,72.47064360615413,30.759753593429156,1847,2,0
92.9,7,6,1,24.158189874667844,78.68856947296372,4593,3,0
69.04,11,6,1,112.50094811878942,30.581793292265573,167,4,0
5.66,17,0,0,119.64059339825751,22.088980150581794,1075,1,0
9.99,9,6,1,120.52537979965558,58.46680355920602,1132,0,0
51.72,3,2,0,109.66921522119085,25.87816563997262,15269,8,0
10.02,0,1,0,70.26203421158627,15.627652292950033,2135,3,0
137.71,15,3,0,96.51033807804902,56.53114305270363,67082,6,0
52.2,10,6,1,71.83960291751026,40.355920602327174,237282,9,0
123.64,21,6,1,97.2765312951283,47.553730321697465,22930,6,0
9.32,21,6,1,94.43753126282868,27.41409993155373,86954,9,0
4.17,16,6,1,104.28972431818599,44.75838466803559,1725,11,0
185.46,10,4,0,99.48064901796394,56.876112251882276,91,4,0
99.05,10,5,1,22.449503779088356,51.419575633128,78968,3,0
23.86,21,6,1,33.25759146525519,37.724845995893226,1789,9,0
21.07,17,3,0,78.90863152310507,35.47707049965777,50489,10,0
37.67,17,4,0,56.63304587016421,34.965092402464066,207410,6,0
175.28,12,0,0,102.46618018101695,31.38398357289528,7268,1,0
1.19,11,1,0,100.18187102659851,26.806297056810404,86954,8,0
57.8,16,0,0,108.9229351293289,25.998631074606433,5161,7,0
25.14,17,0,0,64.21471423971514,34.18754277891855,718,10,0
6.49,22,6,1,91.46090421184181,21.965776865160848,973849,13,0
58.99,15,0,0,75.27714605872738,22.039698836413415,230,8,0
68.75,13,6,1,84.30888307061966,34.535249828884325,2906700,6,0
60.37,11,5,1,69.43554037111653,35.54277891854894,59744,2,0
10.04,15,3,0,36.52915607553011,62.60917180013689,70,6,0
72.8,20,6,1,46.906467819765474,53.52498288843258,2786,1,0
4.15,21,1,0,25.513954791540602,30.754277891854894,7646,12,0
48.6,2,6,1,14.243580198894072,53.68104038329911,519,3,0
5.57,16,4,0,90.35271789751283,31.89596167008898,2872,10,0
74.44,15,1,0,51.789780613637156,44.290212183436005,1804,5,0
31.59,22,4,0,107.37799371520008,24.88158795345654,22191,10,0
207.14,8,3,0,56.013108180014825,48.63791923340178,14228,4,0
241.62,21,0,0,97.89203581924072,41.46748802190281,9521,10,0
103.03,5,0,0,7.655537041837245,28.947296372347708,498,4,0
4.95,17,3,0,91.88624751972925,46.672142368240934,18408,12,0
132.08,17,4,0,136.86165588555988,52.172484599589325,899,7,0
8.96,13,5,1,76.72489652884096,19.655030800821354,111,5,0
3.81,13,6,1,99.23413310990941,23.835728952772072,1595797,1,0
61.42,18,4,0,60.36449588776776,34.79808350444901,35439,5,0
195.15,3,5,1,46.82231525780577,33.79329226557152,224256,4,0
2.31,11,3,0,101.10967326518906,49.445585215605746,568,12,0
32.51,3,2,0,92.56484909195359,60.43805612594114,2383912,1,0
94.05,13,0,0,62.95697576120759,34.338124572210816,94014,10,0
52.5,17,5,1,78.01454670015707,28.629705681040384,419,7,0
25.4,18,6,1,67.6675592926698,21.127994524298426,4542,7,0
140.1,22,0,0,67.78450757918556,42.75154004106776,7155,5,0
137.42,6,0,0,97.29840802466049,37.779603011635864,1312922,9,0
49.51,22,4,0,91.83506519161716,31.263518138261464,3285,1,0
77.5,23,1,0,83.31205354225106,40.2984257357974,3279,1,0
5.73,8,2,0,121.72059022721525,49.40177960301163,1979,11,0
12.18,3,4,0,78.29391068868635,53.02395619438741,24645,1,0
35.66,7,6,1,94.20940216842384,17.738535249828885,1700,3,0
16.3,20,0,0,84.73267288768533,73.91101984941821,522,1,0
52.79,2,5,1,76.67333139086148,58.13826146475017,2135,2,0
7.88,17,6,1,76.59414752331725,44.878850102669404,100,9,0
58.02,8,6,1,94.61420275542118,37.74401095140315,1442,3,0
125.6,14,0,0,68.66065675858522,56.24366872005476,1293,6,0
90.08,3,6,1,46.225870486902174,68.45448323066393,43102,4,0
69.91,0,5,1,90.69024375021057,59.6933607118412,502,2,0
83.75,19,5,1,100.07748377649449,32.72279260780287,2206,0,0
8.21,3,6,1,67.60942044966707,25.127994524298426,5719,9,0
66.61,20,1,0,57.14148075680699,21.585215605749486,9594,4,0
4.47,18,6,1,74.26337567824724,25.204654346338124,8333,12,0
23.41,8,5,1,115.10044910898273,63.233401779603014,263,9,0
28.15,17,3,0,27.904950704472697,30.4476386036961,5662,5,0
79.1,11,6,1,46.37554186733071,36.41341546885695,106,2,0
5.96,14,4,0,91.82635030661837,72.99657768651609,450,10,0
9.89,3,1,0,66.66998006258548,53.23203285420944,640470,11,0
133.33,5,6,1,119.36700519347406,53.78781656399726,129,4,0
19.36,19,6,1,30.649959366601635,53.57973990417522,516,7,0
74.32,3,6,1,17.570593707676423,56.328542094455855,67082,4,0
8.98,22,0,0,110.09761452604005,19.299110198494184,28739,11,0
6.88,22,4,0,92.32008376954101,43.10198494182067,1766,11,0
9.99,13,5,1,108.3058213344912,22.527036276522928,20478,11,0
17.44,12,0,0,126.53182960339385,23.800136892539356,1595797,0,0
1.79,4,4,0,108.97462796447256,53.22108145106092,717255,0,0
85.19,19,2,0,124.95971441458582,46.39835728952772,863,7,0
23.18,14,0,0,66.11555054991409,26.2258726899384,123373,1,0
14.59,15,5,1,70.44655948584713,74.03696098562628,2290,6,0
2.69,14,0,0,36.45458003212652,41.177275838466805,3279,9,0
67.62,21,6,1,144.04548469520654,35.36755646817249,2060,0,0
2.38,8,6,1,52.361472441998345,51.12936344969199,1666,11,0
69.29,16,2,0,70.62512616392505,35.74537987679671,178,7,0
20.39,6,5,1,82.99470494756032,36.17522245037645,178,3,0
136.51,16,1,0,86.85631647204013,62.37645448323067,1758,7,0
25.76,14,3,0,65.8311379434802,67.52908966461328,1078,1,0
223.2,10,1,0,71.59756670317067,39.4798083504449,13983,4,0
76.63,19,6,1,49.33987256197417,58.85010266940452,459921,10,0
57.22,23,0,0,76.69482652350696,19.89322381930185,895,4,0
7.84,15,6,1,111.22517514635554,39.08008213552361,493806,9,0
88.51,0,2,0,74.24876551704823,39.31279945242984,1126,11,0
93.68,16,1,0,34.26476566674826,25.89185489390828,5216,12,0
77.22,15,1,0,96.71912616770722,24.594113620807665,899,5,0
5.89,16,0,0,44.22067054553253,53.3388090349076,653,7,0
169.12,21,2,0,108.22268469634058,35.27446954140999,85,5,0
68.17,20,2,0,82.39644737688884,38.69952087611225,6508,6,0
53.37,20,1,0,108.6709909890014,28.78576317590691,52,1,0
111.97,1,4,0,86.9519466158754,57.68925393566051,4367,2,0
29.85,22,1,0,3.5824624132812914,89.72484599589322,19090,7,0
4.39,19,4,0,123.02117113090581,49.81245722108145,584,13,0
109.47,12,0,0,9.85523184128506,77.64544832306639,3119,7,0
14.72,13,0,0,46.304566789533446,47.27720739219713,1089,1,0
29.21,15,3,0,50.18019617468959,21.683778234086244,230,11,0
4.1,15,4,0,39.09563749458129,39.15126625598905,47249,11,0
8.01,16,4,0,114.08775307151917,43.80287474332649,1643,11,0
93.03,15,3,0,123.14255767309666,57.2539356605065,6629,5,0
113.23,4,0,0,104.04525436019082,86.61190965092402,341,4,0
61.87,3,2,0,34.94331667354895,83.83572895277207,1461,2,0
3.79,17,1,0,101.8293503044973,29.05133470225873,302,11,0
9.2,21,1,0,17.595787475157945,34.7378507871321,79008,1,0
5.89,22,4,0,67.45573453864391,31.326488706365502,1241364,10,0
27.02,17,0,0,39.96507754460071,49.347022587268995,1304,5,0
109.81,14,0,0,61.11964590890483,40.41067761806981,6469,1,0
2.6,17,4,0,104.33240882784744,31.93429158110883,545147,12,0
5.6,15,5,1,77.21207366101787,47.134839151266256,863,11,0
26.92,7,0,0,91.04749764664615,59.9233401779603,3487,8,0
155.86,17,5,1,75.11773749808106,51.04722792607803,413574,7,0
47.78,1,6,1,120.73480871633049,19.800136892539356,976,2,0
26.0,12,3,0,52.974169276526965,43.75085557837098,313,1,0
148.24,14,4,0,66.89702158872203,38.392881587953454,13973,7,0
71.88,2,0,0,75.30832294494864,43.47707049965777,1645,2,0
14.99,16,0,0,110.20600452268913,31.23340177960301,1847,5,0
7.97,3,2,0,52.442012030847266,73.31964407939768,2290,9,0
238.53,11,0,0,43.999890843326,61.275838466803556,308,11,0
130.63,11,6,1,102.78566219403618,64.55852156057495,1126,4,0
26.97,14,4,0,54.850486537767715,47.58658453114305,753116,10,0
5.25,3,5,1,18.93786793304267,47.99452429842574,84106,9,0
159.79,8,2,0,37.11976688103164,56.79397672826831,269,4,0
15.24,8,2,0,74.3311581198878,52.78850102669404,653,0,0
2.19,23,5,1,84.29937434661922,35.564681724846,328,11,0
17.52,23,3,0,77.50494167272946,34.954140999315534,6006,6,0
4.12,18,2,0,56.95218589242948,15.570157426420261,5666,12,0
124.16,18,2,0,64.51108231887578,49.85352498288843,23,7,0
115.58,15,5,1,96.61882620515775,52.93360711841205,581,5,0
493.73,17,5,1,70.55518596003353,33.80971937029432,99,13,0
12.58,17,1,0,89.18027000074511,41.88637919233402,10076,0,0
70.22,19,4,0,112.15402069300374,45.06776180698152,964,10,0
38.31,18,0,0,50.38105444125688,37.620807665982205,6508,6,0
73.82,8,6,1,73.70306979296679,46.039698836413415,635,2,0
5.93,14,3,0,78.27261078500604,46.38193018480493,528,0,0
14.63,18,6,1,58.377337227663396,48.33949349760438,5950,10,0
58.05,0,2,0,93.47639013117573,46.95687885010267,5901,4,0
57.26,18,4,0,89.32928120727135,84.26283367556468,1461,7,0
46.32,18,5,1,61.03290748293349,34.54620123203286,1526206,10,0
43.31,14,4,0,23.938480425690283,57.69472963723477,92043,6,0
118.16,8,6,1,42.91221129143319,27.42505133470226,520,4,0
60.31,2,5,1,127.4287703622947,52.50376454483231,614,2,0
32.26,9,4,0,87.557167620587,36.309377138945926,1930,2,0
7.26,10,5,1,17.869613022291652,63.84941820670773,4589,11,0
2.31,13,0,0,55.02290113752052,62.776180698151954,732,0,0
9.28,19,6,1,92.43649488929552,31.030800821355236,88735,13,0
140.24,22,5,1,87.28634792295539,24.449007529089666,34153,5,0
389.4,13,4,0,91.05310175726557,42.76522929500342,26551,9,0
74.31,12,3,0,72.60292093894341,44.120465434633815,35299,5,0
7.49,8,4,0,103.97437057656647,73.80150581793292,2518,12,0
33.06,10,0,0,86.99425434352958,29.78507871321013,77,3,0
9.28,11,0,0,116.56687020454116,53.30047912388775,519,9,0
73.39,7,4,0,35.38644098568487,60.558521560574945,308,2,0
74.38,12,2,0,44.91861183203349,46.888432580424364,1261,0,0
110.25,16,6,1,89.67585673961149,18.442162902121833,4198,10,0
30.06,16,6,1,63.122196075625915,47.52908966461328,343,6,0
1.1,21,4,0,74.69563879491498,73.30047912388775,184,7,0
35.69,11,5,1,64.04838040289074,58.954140999315534,861,3,0
97.98,22,2,0,74.5390954702007,60.39151266255989,198,0,0
60.83,13,1,0,72.49185374342855,16.57494866529774,1512,11,0
49.36,20,3,0,87.55572305880459,46.34360027378508,123,1,0
1.48,13,6,1,61.95395405386348,58.039698836413415,297,13,0
4.15,20,0,0,31.53183001167728,50.280629705681044,2307,6,0
73.91,19,5,1,93.63908835088607,67.7015742642026,137067,10,0
202.09,5,5,1,53.94087343882378,35.865845311430526,50489,4,0
33.95,21,1,0,62.67499309776767,73.05407255304586,95015,10,0
38.66,4,2,0,105.57682985231256,40.37234770704997,310,2,0
5.85,1,1,0,86.57104415750271,64.3750855578371,1312,12,0
6.19,23,4,0,138.22911828482592,33.06228610540725,50835,11,0
155.82,0,5,1,76.99884117192114,74.7624914442163,1165,4,0
108.34,15,0,0,55.63782525841795,36.28199863107461,1166,7,0
89.91,3,3,0,94.08358858973676,42.2258726899384,11250,2,0
590.23,20,2,0,121.32783079398837,37.138945927446954,1789,12,0
124.95,3,6,1,36.608429618186335,40.83504449007529,1988,12,0
19.36,13,4,0,47.06160182248436,19.630390143737166,2504700,9,0
2.18,11,5,1,103.95686768197416,52.91170431211499,24645,9,0
41.58,8,3,0,69.33975333134552,16.503764544832308,1512,3,0
71.88,1,1,0,105.36306345371125,31.471594798083505,3688,9,0
55.61,14,6,1,96.7547000278469,56.7419575633128,9993,6,0
118.89,18,2,0,94.50301230094355,35.455167693360714,50489,0,0
67.67,23,6,1,95.24219635419253,46.469541409993155,725,7,0
53.03,23,1,0,93.29242565518992,71.0280629705681,15647,7,0
40.82,4,0,0,107.29213763288949,44.309377138945926,9815,4,0
9.41,17,2,0,91.10567002761817,33.39082819986311,1970,13,0
5.15,2,6,1,37.53060367602588,58.888432580424364,626,9,0
95.3,14,5,1,122.56621437715663,61.8507871321013,1758,5,0
3.28,18,6,1,104.5229701266359,21.089664613278575,4542,1,0
141.78,20,3,0,36.07639047779836,73.99315537303217,2290,6,0
8.9,17,6,1,69.82905055679305,38.13552361396304,6508,11,0
136.2,20,4,0,49.59603500127087,38.76796714579056,493806,6,0
64.92,21,0,0,94.69808591184301,64.36413415468857,4677,10,0
100.82,6,0,0,89.76579976093903,60.01916495550992,1241364,4,0
9.85,21,5,1,82.5446065395615,79.5728952772074,61,5,0
65.39,8,2,0,94.6947935147059,50.49418206707735,215,2,0
11.68,13,3,0,77.6613322007739,32.84599589322382,601723,5,0
52.29,18,1,0,41.36900890350637,25.141683778234086,2395,7,0
470.49,0,6,1,66.87531267778887,38.573579739904176,241,8,0
106.01,23,6,1,92.0631635573348,56.8870636550308,1762,0,0
9.55,23,4,0,56.55410728784513,54.25872689938399,1420,6,0
4.62,12,0,0,45.29055363487861,73.07049965776865,128,1,0
136.47,7,2,0,94.23091304393962,58.49418206707735,2135,4,0
91.31,19,3,0,96.7218416276878,49.880903490759756,365,6,0
39.98,2,0,0,29.215328596137937,29.437371663244353,137,9,0
10.69,3,1,0,48.06345389253173,63.78370978781656,532,8,0
290.64,15,5,1,121.76798987283038,15.14031485284052,2135,11,0
31.54,21,5,1,72.85301784404787,22.77618069815195,276896,6,0
69.13,20,6,1,70.97957411971552,15.2580424366872,2135,0,0
18.88,19,4,0,69.33833348755422,23.54551676933607,34153,12,0
74.5,21,3,0,67.50949660499774,46.7460643394935,631,5,0
9.24,2,6,1,49.851564585921885,62.86652977412731,1892,9,0
24.27,9,4,0,101.49197368594957,55.41409993155373,275,9,0
9.77,12,6,1,30.255577923522775,65.48665297741273,1831,6,0
3.46,19,5,1,79.72783145796456,45.5523613963039,2121,11,0
94.75,10,6,1,22.239422602536163,43.3429158110883,1690,11,0
241.63,6,2,0,105.32664315736903,55.5482546201232,192805,0,0
24.47,14,0,0,60.33518048586109,52.09034907597536,6434,6,0
2.43,10,5,1,87.92038203771885,29.596167008898014,48194,8,0
77.24,15,3,0,76.56610179743763,61.059548254620125,2566,7,0
8.75,21,5,1,81.78774547139781,49.07049965776865,34496,12,0
19.84,11,3,0,70.25328376499122,34.064339493497606,12349,9,0
93.93,11,0,0,120.2779727255681,37.61259411362081,395,11,0
54.75,0,2,0,125.15820920608088,69.03764544832306,43102,4,0
86.25,23,1,0,84.1217793800377,25.026694045174537,95,6,0
154.34,3,4,0,74.87788445779833,62.91581108829569,489,11,0
96.08,12,2,0,12.04820736058436,73.22108145106091,450,1,0
74.73,15,3,0,65.9807845176874,40.955509924709105,198,5,0
149.5,0,0,0,85.87054922069923,33.125256673511295,337,12,0
24.65,6,3,0,91.8303906119238,66.82546201232033,5778,1,0
72.34,1,5,1,69.1798397607476,20.83778234086242,4542,2,0
3.64,19,2,0,93.52895689118061,29.763175906913073,217,8,0
9.15,18,4,0,54.14180724708275,45.308692676249144,151785,7,0
86.76,10,2,0,66.63540479181542,68.870636550308,331,2,0
59.33,17,6,1,62.348762686954814,18.600958247775495,8874,7,0
52.2,0,0,0,30.01980396127674,32.2984257357974,7692,2,0
1.21,22,0,0,114.17560289726367,14.403832991101986,163415,1,0
112.19,6,4,0,50.24226173709151,31.66050650239562,477,4,0
3.94,22,1,0,38.79463828153846,57.95208761122519,736284,10,0
3.6,19,0,0,137.1201501592386,45.30321697467488,100,12,0
35.16,8,3,0,35.81202773244159,40.48733744010951,321,8,0
7.62,18,1,0,93.51170329858274,53.60164271047228,4664,6,0
5.3,16,2,0,57.84070629328336,31.863107460643395,54767,12,0
85.17,12,5,1,130.5923185460374,33.24024640657084,105638,6,0
31.31,20,0,0,92.10998344180321,26.477754962354553,608,6,0
26.92,22,2,0,19.713501167017576,51.02258726899384,248,6,0
57.72,23,3,0,31.43151547294561,69.88090349075975,43,6,0
154.07,19,6,1,72.82931744603621,35.383983572895275,6006,6,0
57.07,13,4,0,47.623421713949405,45.51129363449692,2121,9,0
29.54,21,0,0,107.59184017499504,46.105407255304584,5621,11,0
345.36,20,2,0,71.6924085828212,43.800136892539356,5895,11,0
233.6,3,6,1,56.13784496325073,53.41820670773443,2471,11,0
72.78,13,0,0,83.64163691817728,71.91786447638604,6018,10,0
89.46,5,0,0,68.06853482561849,38.965092402464066,124967,4,0
74.97,1,2,0,80.54765089284932,29.284052019164957,1617,2,0
522.8,21,5,1,103.80533801091964,44.92265571526352,824,13,0
156.91,1,6,1,97.33163167719815,65.53045859000684,2016,4,0
111.28,22,6,1,91.96849392968667,51.4715947980835,413574,7,0
82.34,19,2,0,90.65518425106237,28.99110198494182,498,1,0
9.58,18,0,0,101.79806852567694,29.144421629021217,302,10,0
208.29,6,4,0,76.73114520909111,49.06502395619439,2526,4,0
24.58,20,2,0,11.233846472371367,87.88227241615331,397,7,0
313.64,16,5,1,22.05838481767683,26.8911704312115,5875,0,0
87.42,7,1,0,102.70767625909224,31.958932238193018,737,4,0
57.49,8,5,1,115.77322286122032,71.57837097878166,2971,8,0
5.8,23,6,1,74.74970897883578,21.39356605065024,10295,9,0
6.14,14,3,0,125.43117134111628,29.984941820670773,530,13,0
8.25,20,2,0,52.12421021515852,22.21492128678987,4653,11,0
70.87,23,0,0,33.374669829047434,60.271047227926076,198,7,0
1.95,19,3,0,104.28901789741703,28.57221081451061,722,11,0
3.67,23,6,1,77.72939902962922,33.021218343600275,16163,10,0
154.08,0,6,1,56.259932846241796,68.64613278576317,427,4,0
49.4,19,0,0,110.0428177197727,52.68720054757016,2435,6,0
34.33,15,4,0,125.56392259823319,51.62765229295003,1725,7,0
6.11,0,4,0,28.418248096923172,55.592060232717316,192805,0,0
9.61,14,0,0,74.52899030847638,39.408624229979466,493806,10,0
6.39,7,3,0,69.74712419821107,55.044490075290895,1038,8,0
69.08,10,4,0,78.29094124419667,29.61259411362081,48194,2,0
80.71,9,0,0,60.66170691475419,54.116358658453116,129,2,0
187.9,16,0,0,67.21428584604674,42.90485968514716,19054,6,0
31.78,9,4,0,10.0980408133635,41.13620807665982,407,9,0
112.67,23,2,0,61.51433107735657,63.29637234770705,1892,6,0
23.97,23,0,0,121.97220633874522,35.501711156741955,144160,1,0
125.95,7,4,0,30.045971839948546,40.40246406570842,198,12,0
77.92,18,6,1,61.18009651025854,40.26283367556468,349,6,0
26.02,11,6,1,24.854457421507462,22.17659137577002,973849,3,0
63.32,22,1,0,89.2717578943262,45.80150581793292,1195,1,0
9.68,22,2,0,36.071548817550884,56.37234770704997,2054,5,0
76.41,7,0,0,50.03485565666603,26.138261464750173,15623,2,0
93.1,18,4,0,32.62528025180446,47.99452429842574,270712,7,0
1.58,15,0,0,60.378843745184156,18.392881587953458,8874,11,0
7.34,20,2,0,58.601176026815814,31.81930184804928,3688,11,0
46.4,9,1,0,53.7396353487372,60.8870636550308,198,2,0
5.95,23,2,0,57.06734308337873,41.31143052703628,1563,1,0
65.81,17,0,0,91.60304980413092,39.709787816563995,595,0,0
142.76,2,5,1,112.44290256322027,52.1368925393566,680,4,0
49.89,8,5,1,97.31974646015364,22.491444216290212,4653,2,0
3.62,4,1,0,130.10564216344264,14.151950718685832,267,3,0
8.84,20,6,1,82.53651228042226,45.67556468172484,302,1,0
74.31,1,5,1,35.71887194607947,22.239561943874058,20478,2,0
74.7,1,6,1,56.90307810743911,33.52772073921971,50835,8,0
11.34,16,0,0,54.55917018357302,33.073237508555785,105638,10,0
26.66,21,0,0,50.86215235820357,17.89185489390828,92608,5,0
2.26,3,2,0,99.31194314555802,53.7056810403833,2786,12,0
1.68,21,1,0,64.47916614097403,48.95824777549623,3833,11,0
36.28,11,6,1,62.01367039034753,47.854893908282,277,9,0
61.53,10,5,1,107.35493995611148,55.1895961670089,7987,1,0
48.93,6,0,0,117.56253339037416,50.954140999315534,1565,2,0
399.5,23,1,0,115.64113847112883,20.33675564681725,3807,9,0
64.83,10,0,0,92.74228500446559,50.78165639972622,92985,12,0
57.56,5,0,0,80.72750295821533,38.945927446954144,124967,4,0
56.84,6,2,0,96.50461791984115,29.738535249828885,9772,4,0
106.0,18,6,1,86.27376629241891,37.776865160848736,1312922,7,0
147.87,9,6,1,135.66970402213823,42.59548254620123,4090,4,0
166.49,22,0,0,76.21890674492029,66.54346338124572,4603,1,0
6.23,14,1,0,50.6076857341673,90.67214236824093,14075,7,0
86.7,5,6,1,107.51658026916418,49.163586584531146,1412,4,0
11.29,21,2,0,57.94300167165574,35.45242984257358,13602,6,0
53.07,1,6,1,106.81049551146566,91.72895277207392,633,2,0
64.73,13,6,1,109.09344399357045,20.243668720054757,2870,0,0
32.19,20,6,1,51.678537929780774,36.53661875427789,2644,10,0
46.56,15,0,0,91.79662757608094,38.84462696783025,241,10,0
19.67,20,6,1,54.709328900203055,16.62696783025325,1512,7,0
5.65,15,0,0,83.17826200304286,19.958932238193018,2870,12,0
148.63,10,5,1,29.659036640679922,57.97125256673511,13422,9,0
243.32,22,3,0,93.42193510421288,26.349075975359344,54185,7,0
25.4,21,5,1,55.12630786792266,40.714579055441476,149,6,0
31.48,22,3,0,96.98053168629824,43.266255989048595,910148,6,0
33.65,20,6,1,66.96238676043362,70.61738535249829,4993,6,0
56.41,18,6,1,73.53146542061648,44.70636550308008,1804,1,0
82.73,18,0,0,72.8007641500053,62.00684462696783,828,0,0
7.15,22,5,1,68.06555563122694,32.355920602327174,46,13,0
187.27,12,1,0,105.98731165158551,59.36208076659822,927396,7,0
71.27,9,6,1,88.6887286819956,49.960301163586585,23,2,0
35.66,22,6,1,56.47528245699652,58.209445585215605,258,6,0
34.05,8,1,0,109.02494663166385,28.711841204654345,4056,8,0
43.55,17,0,0,76.35635126288985,69.13894592744695,276002,1,0
6.2,20,6,1,131.32013088937805,37.91101984941821,836,1,0
102.64,15,5,1,51.869629335351625,67.21149897330595,1263321,10,0
50.01,9,6,1,78.63423507645844,35.3429158110883,1858,3,0
78.0,11,6,1,83.82505217125366,45.84531143052703,5507,3,0
6.87,11,2,0,116.71341747397055,55.186858316221766,11751,8,0
58.22,15,5,1,106.78123548396113,21.43189596167009,972,6,0
46.79,9,1,0,79.18001128838594,77.89733059548254,3119,1,0
1.28,13,2,0,78.44751086920827,42.171115674195754,33917,13,0
1066.27,15,6,1,53.84346838460443,46.93497604380561,190178,12,0
52.77,20,1,0,95.85036596273531,25.741273100616016,116001,1,0
8.23,0,3,0,91.99355472661803,61.73032169746749,11253,12,0
24.46,18,6,1,75.0174413502052,34.05612594113621,824,12,0
2.31,20,2,0,88.56816333135389,38.52703627652293,6508,13,0
3.49,16,6,1,79.82039984270295,14.899383983572895,163415,12,0
46.99,22,0,0,20.947564426629743,68.53935660506502,331,6,0
9.53,22,0,0,95.65179133695956,47.17864476386037,270712,7,0
15.4,4,4,0,59.572051763225524,67.42778918548939,736284,0,0
246.48,16,0,0,53.08714004443982,78.6694045174538,8007,7,0
58.63,17,4,0,52.110453324077945,47.56741957563313,2036,1,0
5.9,1,6,1,115.83730859078132,90.49418206707735,276,9,0
122.13,4,4,0,49.31577346641659,74.58726899383984,348,4,0
65.79,6,0,0,52.739858723677635,45.831622176591374,635,2,0
58.57,8,5,1,103.6763766680917,33.445585215605746,409656,3,0
137.5,15,6,1,45.51554162193807,78.94592744695414,1472,6,0
5.39,17,2,0,133.75688409803695,31.71252566735113,888,12,0
74.22,22,4,0,90.79068525872313,29.456536618754278,1078,0,0
2.76,14,3,0,96.49672197679699,36.47638603696099,178,10,0
38.28,23,1,0,40.43852728460893,31.95071868583162,151815,7,0
79.56,14,5,1,111.37325893427831,34.496919917864474,85,10,0
74.09,20,0,0,118.30029099952718,25.60164271047228,1504,5,0
74.23,9,0,0,89.79339548579372,45.158110882956876,824,11,0
124.33,5,1,0,122.93099483307292,28.93634496919918,217,4,0
5.11,11,0,0,127.2375935836638,74.2094455852156,184,11,0
1.6,12,6,1,76.45343057928218,16.11772758384668,5666,11,0
73.55,14,0,0,117.68386952183235,23.028062970568104,1075,6,0
142.51,6,3,0,106.3556269503573,51.709787816563995,899,4,0
20.37,3,0,0,84.40575457713564,56.336755646817245,2078,12,0
19.56,2,5,1,59.63140189589727,52.43258042436687,13835,8,0
19.3,23,6,1,41.00411970018043,32.97467488021903,2206,5,0
19.21,19,3,0,34.57830781608318,27.991786447638603,520,1,0
4.18,15,6,1,73.17661674476912,66.80903490759754,1078,13,0
24.01,13,0,0,140.34072369390182,64.35318275154005,1312,7,0
92.41,11,2,0,123.75536909548306,31.537303216974674,242,8,0
370.79,0,5,1,25.760714761317356,36.369609856262834,328,8,0
67.38,0,5,1,105.85913828743455,47.98631074606434,277,2,0
71.7,11,5,1,123.67321578940876,32.28199863107461,2206,2,0
7.49,11,1,0,40.71644220372185,42.776180698151954,378909,8,0
2.71,0,4,0,26.046938199122927,34.847364818617386,50489,9,0
58.55,18,2,0,10.587116367980277,68.13689253935661,427,5,0
70.49,7,1,0,80.16742506600639,38.217659137577,222785,2,0
27.69,22,0,0,52.833716944018555,29.248459958932237,77,6,0
60.5,5,3,0,65.30967072832357,49.713894592744694,673342,4,0
41.23,3,4,0,125.49742667693558,28.722792607802873,419,3,0
9.34,17,5,1,42.7292660839014,32.26557152635181,910148,1,0
43.78,11,2,0,96.25694997385499,47.98631074606434,248858,4,0
73.96,14,4,0,83.60493233243434,67.53182751540041,1078,5,0
3.87,6,2,0,101.94849303268657,76.44900752908967,761,8,0
1.37,17,5,1,81.94608325663974,32.45448323066393,1334,11,0
141.86,14,0,0,77.9088288768606,29.163586584531142,18128,12,0
59.79,11,5,1,56.15239305576306,41.5605749486653,1988,2,0
54.92,1,3,0,52.90857316688911,41.68104038329911,10076,2,0
65.62,18,5,1,101.94395516385808,62.61190965092403,260,10,0
5.43,15,6,1,78.76368714608863,22.532511978097194,31394,12,0
8.2,16,5,1,43.98122644193777,22.392881587953458,20478,8,0
9.25,12,2,0,47.636949675112554,34.724161533196444,76383,12,0
6.92,11,6,1,93.90028359977804,48.59958932238193,601723,9,0
746.76,2,1,0,96.0041380205935,32.97741273100616,50835,12,1
35.17,18,2,0,124.2723746060244,85.12251882272416,276002,10,0
173.17,22,5,1,86.09875456772768,68.49828884325804,3805,6,0
24.11,6,6,1,85.08544572459827,66.6009582477755,2148,11,0
98.13,14,2,0,65.15274334489223,49.87542778918549,911,7,0
54.46,18,3,0,104.32584476086822,28.706365503080082,498,5,0
27.08,23,6,1,109.35271447286337,77.68377823408625,36784,6,0
50.51,22,3,0,63.407065474850015,78.99520876112251,526,6,0
71.84,6,6,1,88.555579056431,51.73716632443532,92337,12,0
19.89,5,4,0,90.30895994209789,57.4839151266256,5451,0,0
33.13,7,4,0,105.73284891404016,47.70704996577687,270712,3,0
97.93,12,6,1,110.91755094996405,21.815195071868583,10295,9,0
26.63,21,0,0,30.959524885561137,57.72210814510609,5451,7,0
89.76,13,1,0,60.3056049304862,30.537987679671456,1102,6,0
19.17,14,6,1,89.47248992492585,53.85352498288843,99,6,0
4.86,10,1,0,7.271032190312728,49.81519507186858,23805,11,0
99.54,15,2,0,29.50532818824314,21.349760438056126,6703,10,0
764.08,23,6,1,35.74214355984563,30.480492813141684,7646,11,0
6.05,4,5,1,92.05037750287973,55.93976728268309,1850,12,0
141.93,14,6,1,93.62255463922197,35.219712525667354,21134,9,0
7.58,12,4,0,72.76306056802682,15.603011635865846,817312,1,0
9.47,19,0,0,92.44381225124057,35.4715947980835,59744,11,0
11.73,19,0,0,52.82754889146173,25.87542778918549,2456,6,0
73.49,4,6,1,52.993829298194456,33.91101984941821,20328,4,0
147.28,9,2,0,111.29714383877429,51.65503080082136,248,4,0
295.68,9,0,0,73.06983269959316,67.55373032169747,254282,0,0
102.8,12,6,1,32.460194030539306,31.928815879534564,16163,6,0
16.98,14,1,0,52.50787159756962,29.634496919917865,530,7,0
7.25,18,0,0,93.25821505337471,46.67488021902806,2376,11,0
79.59,15,2,0,18.672148881159522,25.765913757700204,2456,6,0
66.32,21,5,1,54.28982186663908,16.700889801505816,1512,5,0
60.98,13,2,0,96.9974250416686,31.359342915811087,2523,1,0
2.45,15,5,1,134.74203300054424,37.60164271047228,1312922,12,0
120.5,2,0,0,42.284576492957314,78.77618069815195,1363,4,0
33.99,18,5,1,82.47196250589016,40.941820670773446,3279,12,0
49.3,7,2,0,112.33826968683745,42.10266940451746,399,2,0
3.59,15,4,0,52.708078628821845,29.363449691991786,48194,11,0
20.4,14,3,0,107.46518339991759,21.94387405886379,4542,0,0
91.48,14,5,1,74.2572632474503,40.25462012320329,168,6,0
42.98,6,5,1,111.58213224562283,29.363449691991786,7297,4,0
98.58,2,6,1,110.538869794128,43.26351813826147,1645,11,0
69.65,20,3,0,83.5511227192298,46.27789185489391,5507,1,0
53.66,4,2,0,38.849042058969495,22.04517453798768,606,2,0
68.08,19,4,0,95.92985349108216,42.69952087611225,1680,6,0
28.52,0,5,1,116.12859171158959,36.16974674880219,2060,9,0
41.5,12,5,1,42.064418478761404,30.806297056810404,71463,7,0
182.5,0,6,1,39.54098265758323,40.63791923340178,79613,4,0
2.69,6,6,1,71.1080804183275,40.10951403148528,757530,8,0
21.54,12,6,1,110.39047209129464,70.35455167693361,1274,0,0
2.25,23,5,1,79.3980142479872,35.030800821355236,1523,11,0
49.66,14,5,1,62.54445558985669,34.83093771389459,27971,6,0
164.7,0,3,0,73.79899133591293,67.02532511978097,1631,4,0
67.83,20,6,1,70.78308958258697,46.600958247775495,110,1,0
36.97,19,0,0,42.765905560205944,33.73579739904175,760,6,0
4.16,14,6,1,82.13494101190209,51.58384668035592,206,5,0
7.02,9,1,0,87.80866150181666,51.148528405201915,92985,12,0
108.13,10,0,0,68.70007076261486,34.26420260095825,1360,4,0
36.65,20,0,0,104.31456417006365,59.780971937029435,1923,1,0
3.4,10,0,0,44.03005567217599,74.77618069815195,914,8,0
66.0,17,3,0,91.05139188592928,24.262833675564682,128715,5,0
121.25,13,5,1,57.15876969045368,21.61259411362081,606,12,0
61.64,10,1,0,111.25396797685735,38.48870636550308,124967,2,0
1.76,7,5,1,52.590373822269264,64.18617385352498,4677,8,0
28.09,17,3,0,55.6608394903624,50.43394934976044,9034,7,0
6.39,3,6,1,57.177790230456615,92.76386036960986,2856,9,0
60.6,15,5,1,14.97874749025944,21.801505817932924,4653,5,0
38.62,20,2,0,106.55385981044712,33.51950718685831,105638,10,0
6.34,20,4,0,81.23642684167072,20.42984257357974,2870,1,0
36.08,1,4,0,55.89801247828268,26.661190965092402,5161,9,0
14.48,0,6,1,39.72696113940677,35.748117727583846,673342,8,0
55.23,7,4,0,70.1832055283432,14.677618069815194,267,4,0
22.62,18,0,0,110.11593590683364,42.965092402464066,8269,7,0
50.91,22,0,0,74.71191298800879,40.83504449007529,149,6,0
191.68,5,1,0,99.83265238675051,31.68788501026694,88735,4,0
57.58,13,2,0,57.30610839294161,30.55715263518138,530,9,0
11.14,15,4,0,86.10143868952437,41.210130047912386,9521,7,0
55.87,1,0,0,55.81946444050028,53.63175906913073,2471,8,0
3.71,0,1,0,52.94724795497502,88.65982203969884,2807,8,0
4.95,23,3,0,90.48329128508814,19.537303216974674,28739,12,0
24.93,16,2,0,81.58508254894166,38.390143737166326,241,6,0
1.25,22,4,0,85.41884233927533,82.5681040383299,2258,5,0
144.65,19,6,1,73.39813769680121,46.275154004106774,11256,6,0
119.89,8,1,0,54.081875470666404,25.793292265571527,95,12,0
49.67,18,1,0,114.6027676048935,33.84531143052703,2836,7,0
27.57,14,0,0,92.5706571721599,47.31553730321698,55581,6,0
167.73,23,2,0,134.1341863649107,29.89185489390828,9772,0,0
83.31,1,0,0,104.18276554237417,29.111567419575632,4056,2,0
79.08,9,3,0,116.66344728865174,30.132785763175907,341043,2,0
100.03,9,6,1,86.33503614957365,27.953456536618756,291,4,0
138.98,16,1,0,99.8129432674857,25.19917864476386,22191,5,0
28.76,18,4,0,101.10774852957594,44.26283367556468,9815,10,0
82.77,21,1,0,81.90645493413363,46.66392881587954,631,10,0
964.77,23,0,0,33.66419260157394,36.73921971252567,4729,11,1
144.07,20,1,0,91.99534975613527,51.17316906228611,1666,0,0
3.26,8,0,0,70.00290279752477,50.836413415468854,92294,0,0
118.51,12,6,1,107.84899157530731,29.462012320328544,7297,6,0
44.02,11,2,0,78.15069985808243,46.87748117727584,123,3,0
7.07,17,6,1,81.72327050629616,38.53798767967146,509,9,0
110.01,3,2,0,82.71556611606402,52.0082135523614,5989,11,0
93.61,23,4,0,91.74944385481595,50.403832991101986,215,0,0
4.92,18,0,0,56.60423251171722,34.20123203285421,76383,9,0
7.08,15,2,0,97.26327095090751,46.17385352498289,1749,6,0
58.88,6,4,0,96.54090275616745,41.37166324435318,5196,4,0
45.92,11,4,0,72.72443842125132,67.47433264887064,1078,2,0
95.4,22,1,0,73.60994546921906,52.251882272416154,571,6,0
4.13,17,5,1,39.69297078844177,22.45037645448323,276896,0,0
46.31,19,1,0,42.444953253614024,24.23271731690623,917,0,0
89.39,22,4,0,57.38411552320444,35.827515400410675,21134,7,0
3.97,10,6,1,104.51647621348023,65.49760438056126,26120,8,0
38.47,20,6,1,100.14854962498059,70.8145106091718,2971,5,0
52.64,18,6,1,99.0812884167223,42.51334702258727,16183,7,0
4.57,14,0,0,102.76624508015207,38.86652977412731,509,7,0
85.32,12,0,0,67.7524707106327,77.37987679671458,2443,7,0
55.31,20,0,0,87.36647714774595,23.701574264202602,564,5,0
61.23,8,1,0,90.98333721394522,25.702943189596166,116001,2,0
82.43,11,0,0,87.28617001448764,38.40930869267625,124967,3,0
57.0,3,0,0,49.95416567001022,77.4236824093087,140,2,0
75.3,4,2,0,90.64456515889512,64.31211498973306,4677,2,0
46.04,1,2,0,69.42494214396818,35.4113620807666,24536,3,0
2.63,4,1,0,92.91005949814108,53.58795345653662,1383,12,0
45.32,4,2,0,44.055978988602064,28.268309377138944,1228,2,0
4.25,1,3,0,88.44746422737846,78.57357973990418,1363,9,0
96.28,1,4,0,136.01351686075398,60.73648186173853,2566,4,0
91.59,17,5,1,74.59120004833252,33.74401095140315,1645,1,0
2.08,11,3,0,54.691546434612405,76.83230663928816,46944,0,0
23.9,22,3,0,45.12535517829097,37.06228610540725,42817,7,0
98.84,17,0,0,32.262587688017,63.23613963039014,732,5,0
11.12,6,6,1,126.99538122271848,43.57015742642026,320420,8,0
2.86,15,3,0,126.20282720082902,25.78781656399726,2456,7,0
4.51,22,3,0,99.6234666584656,21.796030116358658,4653,5,0
7.41,20,0,0,87.81068718018375,28.99110198494182,302,12,0
42.42,17,0,0,47.728086749663284,30.817248459958932,2523,5,0
18.8,23,0,0,97.9666689945916,62.455852156057496,7420,7,0
12.37,19,4,0,100.36875105807415,47.17043121149897,922,7,0
6.73,8,1,0,58.74019204951525,57.87542778918549,153,11,0
70.75,9,0,0,80.09489905360785,14.168377823408624,267,2,0
76.63,10,4,0,37.88660413506791,29.691991786447637,1617,4,0
47.67,22,5,1,93.671657074273,45.67556468172484,151785,7,0
35.85,6,6,1,79.02128079218777,42.46680355920602,1302,9,0
54.46,6,0,0,65.70303457919546,69.2621492128679,43102,2,0
634.65,21,1,0,115.65526440680254,24.720054757015742,93193,12,0
45.33,4,0,0,92.26276748549661,26.915811088295687,5875,8,0
119.71,6,5,1,78.2134066416527,26.494182067077343,126,4,0
165.27,18,0,0,36.05871990258381,23.49075975359343,564,8,0
50.97,19,0,0,94.75111034871696,33.89733059548254,277,7,0
77.81,5,5,1,43.310230700781304,33.76043805612594,2836,2,0
63.65,11,2,0,68.31343836562975,49.73032169746749,568,2,0
77.3,11,0,0,127.74994425061732,73.2621492128679,95015,2,0
12.47,18,6,1,5.617314671222883,43.304585900068446,19054,1,0
40.79,13,5,1,54.39140451576439,79.71252566735113,145,5,0
44.71,18,3,0,71.36354184049003,57.73032169746749,4172,7,0
34.0,0,3,0,20.708954864514254,36.09034907597536,540,2,0
520.32,2,0,0,30.568340970290144,48.380561259411365,14228,8,0
12.17,9,0,0,25.664578489448886,45.80698151950719,14871,8,0
128.15,8,6,1,92.03841793772455,54.0041067761807,1791,4,0
9.53,8,0,0,89.51216839741063,55.351129363449694,2317,11,0
4.5,23,4,0,86.40351942845902,28.843258042436688,498,11,0
79.86,12,6,1,83.51200969041484,32.969199178644764,99,0,0
18.05,16,3,0,18.722718487134166,56.106776180698155,222,6,0
8.08,23,5,1,89.35605544346198,24.139630390143736,1595797,8,0
2.83,19,1,0,98.15973417649525,31.107460643394933,151815,7,0
130.46,1,6,1,110.34828096966189,30.403832991101986,7646,8,0
64.43,5,4,0,40.118079645655605,52.80219028062971,4913,2,0
66.27,5,4,0,85.19643028812301,57.437371663244356,258,2,0
152.19,16,6,1,71.98386635210764,65.79876796714579,2016,10,0
88.07,11,2,0,88.54327240660547,54.234086242299796,804,4,0
1.35,14,6,1,60.99909319982964,34.978781656399725,3451,12,0
21.11,23,1,0,98.22655286078017,43.51813826146475,5548,6,0
31.2,16,0,0,105.97842009407879,33.04859685147159,32891,0,0
74.46,2,3,0,31.712978595334206,62.091718001368925,75903,4,0
38.92,7,1,0,63.64553560477237,59.983572895277206,205,9,0
30.13,23,0,0,53.58440323639978,36.120465434633815,2906700,5,0
37.81,14,3,0,131.5272337592724,24.23271731690623,34153,6,0
70.11,23,3,0,108.59338939334134,30.140999315537304,140,5,0
75.14,14,4,0,16.31900259040555,32.65982203969884,46,6,0
51.4,19,3,0,109.00285825282275,68.63791923340177,43102,10,0
39.73,15,1,0,114.34934224629004,49.765913757700204,673342,7,0
28.04,1,0,0,76.62706348419388,43.501711156741955,324,3,0
118.74,11,4,0,46.979095856108806,83.82751540041068,1288,4,0
486.5,22,3,0,89.25130367613104,43.85215605749487,35299,1,0
69.08,23,1,0,57.31833245224758,50.39835728952772,92294,10,0
29.01,8,1,0,103.88924375721588,34.861054072553046,1360,9,0
25.84,12,1,0,90.95007615299679,25.31690622861054,71335,1,0
56.79,22,6,1,31.517961885676517,46.362765229295,5507,7,0
34.88,18,4,0,36.026641463523426,69.48117727583846,43,6,0
16.44,23,4,0,121.40005376360793,83.1047227926078,15426,10,0
51.21,8,1,0,61.21840421946615,57.83983572895277,370,2,0
2.79,19,4,0,106.10277795415932,23.537303216974674,3228,9,0
66.29,23,4,0,109.58689217557976,42.52703627652293,1680,6,0
204.56,0,4,0,79.3958172337067,34.795345653661876,19685,4,0
35.21,10,0,0,74.00652492914662,78.60369609856262,493,8,0
72.74,13,1,0,87.50288842519551,85.74948665297741,18760,10,0
175.11,12,5,1,97.09670700106028,22.33264887063655,1075,12,0
83.76,5,6,1,98.83406348626959,14.669404517453799,163415,4,0
104.16,21,0,0,111.5137403287757,21.642710472279262,2408,0,0
33.47,20,6,1,81.59607809543988,45.204654346338124,100,0,0
199.84,8,4,0,82.14534649768585,24.50650239561944,899,8,0
46.55,15,0,0,92.48275159328381,40.936344969199176,341,7,0
80.76,13,5,1,91.47078101381909,24.76659822039699,5341,5,0
25.82,14,6,1,69.83596637289713,45.374401095140314,1745,6,0
138.92,1,1,0,78.65373437966605,25.533196440793976,2456,4,0
56.28,13,0,0,65.76350457294573,28.008213552361397,107941,10,0
3.16,13,4,0,38.67606549779587,38.510609171800134,241,11,0
71.35,20,6,1,19.130180765541994,47.04722792607803,765,7,0
75.92,7,3,0,88.56156423409377,52.394250513347025,5989,3,0
62.56,6,5,1,32.274209127661884,60.2217659137577,464,2,0
57.49,3,3,0,109.88831669709364,26.195756331279945,238602,4,0
5.74,23,5,1,71.289703317042,26.00684462696783,19408,12,0
6.66,19,3,0,65.07988160309515,73.782340862423,589,13,0
62.34,2,2,0,98.26684443364442,59.449691991786445,3487,4,0
87.89,5,2,0,82.51371887674402,61.040383299110196,37,4,0
654.82,17,1,0,87.33508220911423,49.1937029431896,34496,12,0
59.59,17,3,0,111.03011885520884,31.468856947296374,885,1,0
12.06,20,1,0,108.81112945561375,34.861054072553046,21134,10,0
40.99,12,6,1,90.9154183948174,22.43394934976044,20478,7,0
57.7,17,6,1,88.76991485091297,34.41478439425051,718,6,0
54.36,15,5,1,104.99212766983705,25.555099247091032,2395,7,0
8.17,19,4,0,72.33371508353069,30.023271731690624,2368,12,0
43.93,21,6,1,91.25617558594672,25.363449691991786,5903,5,0
242.98,17,0,0,41.80626907473883,32.79123887748118,11432,11,0
227.69,21,0,0,45.35566949377595,32.34770704996578,12747,11,0
64.55,23,5,1,114.47002653583525,64.22450376454483,4677,7,0
33.13,14,0,0,33.590444548763195,34.24503764544832,718,1,0
7.6,15,0,0,55.37478353796299,49.43189596167009,4533,6,0
97.38,3,2,0,118.85688420969625,31.96167008898015,737,4,0
33.27,17,5,1,107.50726121676634,58.171115674195754,297,5,0
56.64,0,2,0,93.02272499414202,46.42573579739904,3688,4,0
139.53,17,5,1,63.22800100301786,63.6413415468857,532,5,0
50.23,8,4,0,25.891581396981543,30.146475017111566,9772,8,0
41.12,14,6,1,60.337138539663336,49.94387405886379,911,0,0
117.85,23,2,0,100.82004764008552,62.92402464065709,134056,6,0
59.34,1,2,0,107.66189929144349,54.25598904859685,269,2,0
64.44,9,3,0,91.2077852329611,41.177275838466805,5760,3,0
36.54,20,0,0,60.977981690683734,61.50855578370979,828,1,0
127.83,7,6,1,22.991867159464,52.11772758384668,344,4,0
99.4,11,0,0,73.3093813764378,44.53661875427789,1810,4,0
223.88,10,4,0,78.64524290832382,34.83093771389459,1526206,4,0
73.78,16,4,0,118.02879997328462,44.57221081451061,1841,5,0
32.09,19,6,1,117.49604043102154,51.66598220396988,248,0,0
4.16,23,2,0,86.88674516036917,89.06502395619438,2807,6,0
79.85,1,3,0,35.380936694426964,64.68446269678303,3223,2,0
19.6,18,2,0,90.00720694924027,70.70225872689939,4993,7,0
6.38,20,1,0,104.00548230514418,53.09240246406571,653,13,0
89.54,4,1,0,37.88071150070559,48.34496919917864,3833,4,0
330.33,6,0,0,57.69941820854138,77.98494182067077,471,9,0
79.7,15,0,0,49.71042339448704,87.22518822724162,341,1,0
10.86,11,6,1,50.250508617649444,39.45790554414784,172247,9,0
90.94,7,3,0,100.66994894609415,63.84394250513347,4589,2,0
17.46,12,6,1,79.47201068757404,59.88227241615332,3487,5,0
63.05,2,2,0,113.38836179845016,42.95140314852841,26551,3,0
30.94,5,1,0,64.6231938242006,22.206707734428473,1075,3,0
59.3,4,6,1,11.72912312441411,28.344969199178646,520,2,0
112.69,9,0,0,103.38549925238517,35.058179329226554,1858,4,0
61.99,11,6,1,94.21098781408587,28.851471594798085,48194,2,0
52.26,10,5,1,90.27995605680512,43.03353867214237,1022298,4,0
72.28,11,1,0,78.153980455344,25.48665297741273,4354,2,0
46.05,15,6,1,122.38554121549821,23.238877481177276,564,8,0
35.15,8,1,0,54.25102117008083,33.596167008898014,795,9,0
15.83,20,1,0,80.12649863414535,45.93292265571527,151785,10,0
71.88,3,0,0,63.896166768478444,20.251882272416154,2504700,4,0
42.01,3,2,0,94.01297346275358,40.95824777549623,276002,3,0
138.88,21,0,0,95.58724155629517,68.82135523613962,427,7,0
85.69,5,6,1,99.6518657819498,50.8829568788501,9034,4,0
1.01,16,0,0,85.61250328177694,33.69472963723477,3458,11,0
62.48,6,2,0,99.63178328007265,35.370294318959616,3451,2,0
175.06,14,0,0,120.96276510531175,44.11225188227242,1263321,7,0
99.34,6,2,0,123.32544635801933,28.83504449007529,1490,4,0
6.41,8,5,1,61.44960769287145,61.35523613963039,1196,9,0
139.93,1,6,1,102.50863537895091,53.921971252566735,470,4,0
47.66,2,3,0,112.03201544380934,44.17522245037645,5548,2,0
52.84,22,4,0,71.94598360298023,28.80766598220397,1654,7,0
51.35,8,0,0,88.65436396165273,50.403832991101986,1656,2,0
43.9,22,2,0,101.8255605174106,39.460643394934976,1532,7,0
83.18,18,0,0,59.79267287649855,45.82340862422998,1749,6,0
17.1,15,5,1,60.997619943604356,54.275154004106774,277,6,0
3.57,20,0,0,90.08034365623321,48.114989733059545,1760,6,0
2.25,3,2,0,102.10110228292027,35.74537987679671,21134,8,0
75.31,1,4,0,71.12924801410377,52.01368925393566,5989,2,0
7.57,4,3,0,50.27619617239925,58.58179329226557,320,12,0
13.83,15,4,0,99.03213402858768,41.478439425051334,149,1,0
54.78,11,2,0,86.16414621471664,25.921971252566735,19408,2,0
40.78,5,6,1,32.555361976760025,64.28473648186174,76,2,0
29.81,3,0,0,57.542623093204185,43.92607802874743,9815,3,0
84.77,23,3,0,76.44386944209427,50.92402464065709,92985,7,0
3595.61,16,2,0,107.5598623069411,45.65366187542779,100,12,0
65.87,9,5,1,116.18789075385946,53.111567419575636,4913,2,0
97.1,22,6,1,80.76920512267323,27.619438740588638,525713,10,0
132.55,20,0,0,49.45751421941865,41.67008898015058,3255,5,0
5.92,16,5,1,114.54642682349072,82.87200547570157,1288,13,0
8.57,22,0,0,66.00144700438679,56.04106776180698,1850,10,0
90.7,6,1,0,74.46572432844208,39.36208076659822,686,4,0
40.46,19,3,0,124.68227557227122,56.31211498973306,9993,1,0
103.5,3,3,0,88.20886064409133,44.64613278576318,566,4,0
78.75,23,6,1,77.30240011020845,34.83915126625599,467,10,0
82.26,13,3,0,104.7069606750678,19.84394250513347,895,10,0
6.42,16,5,1,89.22926325365508,60.24093086926762,630,13,0
22.47,17,5,1,63.11977406254204,35.044490075290895,1526206,5,0
6.26,17,6,1,89.78124162061474,46.62286105407255,55581,1,0
4.22,17,3,0,92.84226977931228,87.78918548939083,397,7,0
206.53,3,0,0,81.0013126476176,32.0766598220397,545147,4,0
129.53,3,5,1,67.5207134161002,45.817932922655714,1749,4,0
38.38,19,2,0,46.11776156579023,39.00342231348392,241,6,0
81.67,10,2,0,80.0329775749313,60.0848733744011,198,3,0
62.31,12,3,0,65.92544342106765,37.61533196440794,782,1,0
55.35,18,6,1,94.07252350539288,23.04996577686516,31394,10,0
14.41,19,1,0,113.67037591315892,60.99931553730322,37,6,0
77.52,16,6,1,44.74128404012065,45.97672826830938,3688,0,0
4.49,16,6,1,20.029050861461503,57.52498288843258,153,5,0
2.95,12,6,1,140.05930913579135,43.92607802874743,1595797,11,0
17.41,13,2,0,132.5059808758091,31.920602327173167,242,6,0
149.42,13,4,0,50.401154536443464,20.83778234086242,1423,0,0
2.24,9,5,1,56.014016841364885,59.46885694729637,927396,11,0
33.6,13,6,1,80.4998269155001,51.671457905544145,571,7,0
73.67,22,1,0,14.887152710562985,33.1937029431896,795,5,0
13.55,13,6,1,77.86478845446462,45.07597535934291,241,5,0
45.59,18,4,0,93.12252280278344,35.671457905544145,50489,1,0
88.41,17,5,1,108.46352804690152,19.54551676933607,136,0,0
4.51,8,0,0,46.51302605020514,91.73716632443532,16305,11,0
73.39,20,0,0,95.77437707167037,16.005475701574266,5666,6,0
14.81,20,0,0,51.789456402496754,47.997262149212865,5950,12,0
1.96,16,0,0,92.1763170273953,41.23477070499658,3279,1,0
310.61,2,0,0,82.65068083946308,54.757015742642025,2317,11,0
148.64,16,6,1,55.734478836873876,73.38535249828884,2518,7,0
124.23,11,4,0,104.74179920535697,85.75770020533881,18760,1,0
39.52,10,2,0,67.1102155672005,42.39561943874059,346,2,0
60.91,5,4,0,101.95291504668559,28.262833675564682,520,2,0
73.87,12,6,1,136.07461306277474,30.72689938398357,477,5,0
14.44,19,6,1,84.12315904514675,24.0684462696783,34153,1,0
78.61,9,6,1,72.5606652607086,59.09924709103354,459921,4,0
5.44,17,6,1,113.6571827694367,18.729637234770706,28425,11,0
33.1,21,1,0,40.361498674358465,71.68514715947981,55345,1,0
5.32,20,2,0,75.24869504868111,44.479123887748116,5548,0,0
53.2,9,1,0,45.77165661628651,51.43874058863792,413574,4,0
237.76,20,6,1,46.45003240700231,42.0041067761807,378909,1,0
94.79,3,5,1,98.43773444485484,67.51813826146476,7565,4,0
72.46,21,5,1,84.12804883008668,44.303901437371664,1807,7,0
87.21,13,6,1,109.92577705164192,32.720054757015745,737,6,0
2.77,20,3,0,42.87144993770096,70.652977412731,2661,13,0
38.87,22,3,0,73.36978344722677,38.89664613278576,3104,0,0
111.4,1,5,1,118.14959063113757,40.67898699520876,1988,4,0
60.61,23,2,0,124.38612321835424,35.03901437371663,467,1,0
4.84,12,6,1,54.60340611152017,34.48596851471595,1493,13,0
38.84,8,3,0,55.55481163616762,28.698151950718685,137,9,0
77.07,14,6,1,93.73490325788022,29.864476386036962,1078,10,0
66.84,13,6,1,4.0758676879246964,32.955509924709105,1334,1,0
54.83,22,0,0,51.698729028773506,33.412731006160165,409656,9,0
80.72,12,0,0,54.504940082250485,41.01848049281314,1563,1,0
32.11,8,3,0,124.50235056327158,34.57905544147844,1360,9,0
54.77,3,3,0,58.969441097861065,29.812457221081452,77,2,0
80.99,16,0,0,41.317647373792596,73.72210814510609,128,5,0
4.23,17,1,0,70.81846167378751,47.38124572210815,343,12,0
8.71,21,6,1,76.16780750557335,30.297056810403834,2368,12,0
95.74,1,2,0,106.37194825036937,28.361396303901437,1654,4,0
925.04,17,5,1,87.33182410136068,47.42778918548939,2401,12,0
32.21,8,2,0,124.15974836377798,46.379192334017795,123,9,0
167.47,18,1,0,67.44144850392027,32.59411362080767,46,12,0
204.93,3,1,0,49.95903409017908,39.05270362765229,21902,4,0
165.6,19,0,0,70.1217291782909,34.55715263518138,35439,7,0
75.92,7,6,1,18.986043569778847,40.323066392881586,5760,3,0
75.37,6,0,0,34.31138116404408,35.51813826146475,85,2,0
12.06,12,5,1,66.49473666031649,37.39082819986311,1312922,6,0
231.69,1,3,0,92.65930370135924,47.827515400410675,34882,4,0
214.04,11,5,1,126.24152115865098,33.544147843942504,50835,4,0
9.34,12,2,0,129.73053319638055,41.177275838466805,1563,12,0
4.39,20,5,1,75.6415632463042,25.22381930184805,391389,11,0
8.61,13,0,0,37.68729809681535,43.60301163586585,18182,9,0
1.55,16,5,1,112.26793691635622,59.937029431895965,24840,13,0
68.83,4,1,0,65.66873572341058,26.157426420260094,2395,2,0
14.36,23,3,0,119.3707830243612,17.880903490759753,92608,10,0
3.31,6,5,1,74.60174756625204,53.52498288843258,233717,12,0
57.44,1,5,1,126.93035157305442,36.186173853524984,24536,3,0
55.45,11,0,0,83.00947409765314,63.219712525667354,263,3,0
24.85,23,0,0,37.121772612772034,29.177275838466805,3343,1,0
4.29,1,5,1,104.67030883449534,82.95414099931554,15426,0,0
21.0,19,2,0,97.64532618826345,47.337440109514034,771,7,0
161.93,8,0,0,101.73321184401024,45.80698151950719,14871,8,0
110.42,2,0,0,65.16675192744806,62.52977412731006,139650,0,0
5.37,1,4,0,96.59296944695089,90.11362080766598,52126,12,0
84.83,7,4,0,108.07106333723401,60.50102669404517,190178,2,0
75.03,2,3,0,24.584208539852746,63.87405886379192,4677,4,0
62.03,20,1,0,25.62264500457754,25.752224503764545,5161,6,0
68.05,13,0,0,62.48323980950242,24.16700889801506,34153,4,0
152.7,16,6,1,91.241289169883,82.36276522929501,2258,7,0
14.29,23,6,1,85.28655907586614,38.36824093086927,3104,6,0
1.39,16,1,0,82.62436318410916,21.17453798767967,1423,10,0
71.56,9,0,0,108.84812475984963,40.19712525667351,1019,3,0
1.36,16,4,0,67.7481096183016,24.955509924709105,5341,1,0
11.66,13,5,1,68.38925469285844,86.59548254620123,3289,6,0
3.41,21,3,0,117.32634471981427,62.899383983572896,759,7,0
25.25,5,3,0,90.1271294776455,58.899383983572896,1241364,0,0
2.06,13,0,0,104.00872861158119,28.511978097193705,316665,12,0
2.52,15,5,1,79.70656473820742,32.99110198494182,2501,1,0
67.6,9,2,0,24.337665495364657,32.695414099931554,1186,4,0
62.18,0,5,1,91.8249620669289,53.39630390143737,717255,2,0
182.72,4,6,1,53.910012866718716,37.39082819986311,3684,4,0
20.42,9,4,0,42.37992812175174,35.51813826146475,2906700,8,0
991.85,23,3,0,118.28520657581647,92.12594113620807,7369,11,1
206.95,16,0,0,78.76555479038484,61.63175906913073,118,6,0
102.49,7,4,0,107.87181612854373,48.48186173853525,551,4,0
115.24,12,6,1,124.84491689522446,22.17659137577002,2408,9,0
8.55,1,0,0,110.85500543146341,50.21218343600274,1656,12,0
55.81,8,6,1,103.44405436413997,42.67488021902806,346,2,0
68.76,20,6,1,91.3540839840977,42.30800821355236,4090,1,0
37.72,7,5,1,26.537784112755258,60.030116358658454,630,2,0
56.1,17,4,0,22.738570414551067,77.927446954141,36784,13,0
2.16,18,6,1,84.99444871875646,42.559890485968516,4726,10,0
84.02,12,5,1,113.30330436667359,43.3347022587269,190249,1,0
150.94,12,6,1,96.30560105111925,33.4839151266256,760,7,0
1.87,22,0,0,55.2044954538416,32.67077344284736,5657,1,0
76.83,8,6,1,49.82018153670848,45.620807665982205,381459,4,0
2.9,3,0,0,88.4637749229293,69.07049965776865,104396,12,0
1.28,20,2,0,56.06626825792153,30.11362080766598,2368,12,0
115.61,10,0,0,86.2197536906177,25.790554414784395,2395,4,0
62.27,22,0,0,18.278511057884916,92.65160848733744,2856,6,0
30.17,11,1,0,43.26461251952436,36.85694729637235,4729,4,0
4.01,8,1,0,89.72049689930553,25.675564681724847,5903,9,0
44.23,6,5,1,98.64122112493247,29.4839151266256,1735,3,0
6.01,13,4,0,116.36363281645251,34.91854893908282,79008,12,0
1.16,14,0,0,65.41719304329855,31.838466803559207,647,11,0
361.11,0,3,0,52.95216828334073,53.93839835728953,128,4,1
790.6,15,0,0,100.80860812880768,27.633127994524298,4575,12,0
124.66,14,5,1,42.617228192281694,35.81930184804928,1858,12,0
39.24,18,0,0,72.3548561419556,58.26420260095825,2208,6,0
7.19,19,6,1,90.99180162031165,17.793292265571527,92608,11,0
3.73,19,0,0,121.91703801071712,28.306639288158795,3085,12,0
153.44,12,1,0,119.23664436643514,30.33264887063655,7646,6,0
32.44,17,0,0,25.00600389908698,44.20807665982204,1263321,10,0
50.85,16,6,1,27.336931135505875,57.54688569472964,4172,6,0
54.73,14,2,0,102.29794941481249,21.27583846680356,1689,10,0
1.69,12,6,1,18.45122912325424,80.9801505817933,376,10,0
63.94,1,2,0,78.87770657497119,33.379876796714576,409656,3,0
7.07,22,6,1,11.17512962470255,80.13141683778234,61,1,0
972.28,23,6,1,71.72950750571066,70.63107460643396,1263321,12,1
2.12,21,1,0,112.55454271979717,49.39082819986311,601723,13,0
41.39,16,6,1,60.47712948595103,40.884325804243666,1019,0,0
143.9,7,6,1,13.630259712589517,42.110882956878854,1680,12,0
5.59,13,4,0,104.38703221512486,33.63175906913073,760,11,0
7.24,19,5,1,125.30307230867028,34.143737166324435,718,12,0
39.63,15,1,0,69.19972409748318,51.997262149212865,673342,1,0
53.45,4,0,0,107.47246787972055,65.56057494866529,139,2,0
3.78,3,6,1,50.019176246454684,56.271047227926076,67082,12,0
253.43,19,5,1,102.4475751344421,62.288843258042434,828,7,0
57.64,9,6,1,11.634219930855023,34.63107460643395,1523,3,0
145.95,6,1,0,79.74796721433701,61.4757015742642,15647,9,0
41.9,4,3,0,113.46267495665128,40.054757015742645,6469,3,0
5.68,6,2,0,101.7120757371584,55.29363449691992,5438,9,0
77.78,14,0,0,109.79677674679084,29.21286789869952,533,6,0
60.92,23,4,0,59.92785698507531,55.52908966461328,8097,7,0
105.91,12,6,1,84.92255465307913,30.830937713894592,341043,5,0
163.81,15,3,0,125.81208945246168,21.451060917180012,4159,1,0
77.37,3,6,1,83.47528127205203,68.32032854209446,43102,4,0
72.74,15,5,1,96.83056629367941,45.38809034907597,177,0,0
68.62,23,0,0,36.593670199796314,40.3668720054757,310,6,0
34.29,22,6,1,51.53732730577186,73.3305954825462,642,6,0
7.75,10,6,1,68.40704380905494,62.105407255304584,1426,8,0
62.76,16,6,1,42.500383943805694,36.43258042436687,116155,6,0
72.19,9,0,0,16.50968547452369,42.90485968514716,2142,2,0
114.99,10,4,0,109.52126384309406,33.50034223134839,409656,4,0
638.21,18,1,0,82.85576102659891,31.61122518822724,88735,12,0
6.71,12,6,1,58.38420908630181,73.65913757700206,165,13,0
6.99,2,4,0,63.9206876441222,70.19028062970568,4993,11,0
68.6,0,0,0,122.96898463045372,23.89322381930185,93193,2,0
8.24,23,1,0,81.68492405429187,73.1772758384668,184,13,0
2.49,4,1,0,65.17375311675922,36.73100616016427,42817,8,0
75.25,17,0,0,99.45960032713829,47.44695414099932,270712,7,0
45.06,14,0,0,57.122417580111815,41.80698151950719,10076,5,0
92.43,16,6,1,69.84603971525354,19.685147159479808,1383,9,0
12.02,9,1,0,110.18610636270748,90.75975359342915,19090,0,0
19.01,19,2,0,115.24255787045418,46.874743326488705,743,7,0
16.49,12,5,1,102.26223570692888,58.012320328542096,320,7,0
133.17,6,5,1,66.15769712930846,50.38466803559206,25459,4,0
5.22,6,6,1,129.5903798407065,49.84531143052703,1656,8,0
188.37,11,1,0,83.90499376266511,32.3668720054757,2872,4,0
44.63,8,5,1,83.35685169179028,53.464750171115675,1925,2,0
4.85,12,2,0,78.13461659419856,30.910335386721425,338,0,0
76.06,2,6,1,100.3752928159575,43.77275838466804,1595797,2,0
1.44,7,0,0,106.2909035555098,55.67419575633128,923,9,0
9.09,15,0,0,97.17155116474719,68.64887063655031,1139,5,0
55.86,16,2,0,112.0503302089818,21.869952087611225,4159,1,0
75.02,3,3,0,55.49694578072445,20.31211498973306,2870,3,0
39.26,21,1,0,86.78895031767249,43.52908966461328,18182,6,0
123.57,19,6,1,111.84326607800082,93.51129363449692,2856,7,0
187.87,9,3,0,37.97821458909566,43.728952772073924,4074,4,0
67.34,15,1,0,76.25476834500249,54.04517453798768,5354,7,0
134.52,19,5,1,39.57176288765615,25.702943189596166,391389,5,0
16.61,22,5,1,29.9881657352138,60.47091033538672,1271,5,0
48.29,12,5,1,79.59204154830378,46.88569472963724,863,7,0
53.43,5,6,1,85.02199406817417,35.912388774811774,328,2,0
75.18,13,3,0,68.1834193942441,31.301848049281315,2097,6,0
8.23,18,5,1,103.0005393938932,22.46132785763176,2408,10,0
34.24,18,3,0,117.28150558565883,41.24024640657084,10076,1,0
32.59,2,0,0,132.39910754243843,29.286789869952088,419,9,0
6.64,16,0,0,77.56357446804714,37.47296372347707,1312922,12,0
37.24,3,1,0,101.0679151108029,39.32922655715264,1126,9,0
25.81,23,6,1,37.86271242334649,42.49965776865161,19054,5,0
9.28,21,2,0,81.1747163548998,34.978781656399725,1526206,5,0
119.78,21,0,0,63.08254428165398,90.22039698836413,19090,7,0
242.2,4,6,1,101.8564670620056,25.475701574264203,391389,4,0
640.59,16,6,1,68.42511589041894,21.36892539356605,9594,11,0
2.76,4,6,1,53.10254887788189,63.70431211498973,973849,11,0
33.07,16,4,0,63.835747406594884,35.13757700205339,21134,7,0
72.8,18,5,1,72.94650087960251,41.89185489390828,1446,5,0
1.1,1,6,1,18.235319290969905,56.0082135523614,6581,12,0
53.73,21,2,0,26.673017889533707,43.89596167008898,910148,6,0
47.37,9,0,0,124.31957664673499,37.63997262149213,4729,4,0
45.28,12,3,0,98.05521480309363,43.304585900068446,1595797,6,0
62.63,11,2,0,122.72438768460314,24.301163586584533,93193,2,0
128.05,3,3,0,73.5905231285162,86.39014373716633,341,8,0
3.46,1,3,0,55.88075669124135,52.276522929500345,1725,12,0
54.31,11,5,1,102.56604241842047,24.479123887748116,1770,3,0
209.26,1,1,0,41.61039319471493,27.222450376454482,4512,4,0
58.79,1,1,0,4.737993534093804,60.38329911019849,1271,2,0
7.64,7,4,0,55.894980103126194,46.69952087611225,190178,8,0
16.36,23,2,0,82.37297465108654,36.054757015742645,1574,5,0
15.7,12,0,0,122.9337749794623,55.60027378507871,1850,0,0
53.67,20,6,1,41.38291155784682,66.59548254620123,590,6,0
11.99,23,6,1,70.17333848008822,33.95482546201232,718,5,0
92.17,0,6,1,68.81914077487423,40.65982203969884,168,4,0
75.97,14,6,1,63.732040719681606,52.369609856262834,680,5,0
167.22,23,1,0,47.90125601844184,20.399726214921287,976,9,0
52.37,0,0,0,102.36409503402321,30.075290896646134,1102,3,0
43.77,5,0,0,50.741798710690446,46.40109514031485,2121,2,0
50.12,17,0,0,64.52196839848521,53.50855578370979,2786,6,0
9.63,20,0,0,68.8643355027594,77.2621492128679,3119,13,0
6.88,13,4,0,97.47847125174096,38.24229979466119,241,13,0
2.15,17,2,0,113.04683195703946,21.44284736481862,972,1,0
46.81,15,5,1,76.37390046508217,69.54962354551677,3430,7,0
244.49,12,0,0,71.15763373639108,22.781656399726216,564,9,0
225.27,6,2,0,91.40826720783818,47.23613963039014,54287,4,0
93.17,2,0,0,87.01081674144709,29.420944558521562,77,4,0
201.02,9,5,1,60.52711756709335,36.26283367556468,24536,4,0
10.58,20,0,0,27.079461517796144,43.86858316221766,1643,7,0
22.98,9,3,0,20.109147172630905,48.0848733744011,84106,8,0
22.13,13,2,0,55.1200477848464,42.299794661190965,346,10,0
67.44,8,3,0,97.99338933401089,65.77138945927447,2016,2,0
8.2,21,6,1,91.19513000604393,57.661875427789184,247,13,0
20.77,21,3,0,89.8877164992091,63.219712525667354,489,1,0
36.2,23,5,1,80.39965251794976,73.61533196440794,589,7,0
136.9,18,3,0,80.74215991980157,55.57015742642026,2054,5,0
67.65,4,1,0,7.372214956564252,69.4236824093087,467,2,0
76.64,11,5,1,60.69818888261144,53.23203285420944,47772,4,0
98.26,2,5,1,72.2258986817686,32.15058179329227,832,4,0
89.43,11,5,1,117.08359139170848,65.48117727583846,337,3,0
19.42,18,6,1,111.1668065211966,88.90896646132786,571,6,0
26.45,16,3,0,78.29674204583556,43.460643394934976,4074,10,0
12.98,19,4,0,60.75014257280161,60.53114305270363,198,1,0
60.05,8,6,1,59.59693777676411,59.383983572895275,478,8,0
118.32,16,3,0,54.713368358700535,29.49760438056126,217,0,0
36.52,0,6,1,111.9676154634101,41.492128678986994,565,9,0
15.67,0,0,0,49.103309474020925,49.927446954141,9034,9,0
80.0,2,5,1,57.35837657050552,49.91101984941821,2307,2,0
41.4,16,0,0,37.650373816691335,48.342231348391515,753116,6,0
38.8,11,1,0,46.13240131754027,36.37234770704997,540,2,0
2.56,23,6,1,57.0619316144016,21.987679671457904,10295,0,0
58.25,13,1,0,80.22029521717515,54.417522245037645,3032,6,0
206.51,23,3,0,45.02047802552621,81.96303901437372,1252,10,0
70.13,21,5,1,62.3929433847307,22.518822724161534,2408,9,0
39.34,14,6,1,46.61775658175851,32.13141683778234,2872,7,0
113.24,17,3,0,105.616443866614,70.03969883641342,1274,7,0
3.31,1,0,0,45.784103252686975,60.65982203969884,1263321,9,0
23.44,14,5,1,84.57964898409779,71.02258726899385,2661,10,0
9.1,23,2,0,75.583356305282,34.34633812457221,718,12,0
133.76,3,3,0,120.65353802226127,66.47501711156742,1897,4,0
168.72,11,5,1,11.231421719862102,25.859000684462696,5903,4,0
95.06,1,0,0,112.86274648061327,59.45242984257358,6460,4,0
94.54,15,5,1,58.02921710336455,21.412731006160165,4542,5,0
42.97,14,5,1,110.61179575572054,25.645448323066393,391389,6,0
58.66,23,4,0,95.48813084905487,84.89253935660507,1533,7,0
114.47,6,6,1,117.2279049046851,52.68993839835729,717255,4,0
9.13,2,2,0,83.46778425794376,32.616016427104725,2211,8,0
36.06,13,0,0,111.8190635040512,43.71252566735113,324,0,0
178.55,5,3,0,104.56690679119126,44.369609856262834,1263321,4,0
5.04,21,5,1,73.74904583181736,30.17385352498289,71463,11,0
75.28,4,5,1,37.796338196025246,41.242984257357975,3255,3,0
7.8,19,1,0,105.21658873598129,46.86379192334018,190178,12,0
38.02,22,0,0,81.31200239169729,45.35249828884326,71485,11,0
116.32,0,2,0,86.64248394707201,50.26694045174538,92294,3,0
132.99,5,0,0,46.42773121783171,26.288843258042437,2395,12,0
59.28,9,3,0,116.22061922587946,40.51471594798083,79613,3,0
2.15,14,4,0,66.33605404345674,32.94729637234771,2211,12,0
13.4,18,3,0,50.22145966432896,36.28199863107461,540,10,0
106.92,1,4,0,82.27537267885185,39.71800136892539,1201,4,0
53.89,12,6,1,81.77229580634156,34.96235455167693,144160,0,0
3.8,15,2,0,114.68406225396087,70.18480492813141,43,6,0
79.09,18,0,0,121.43179825628488,29.32511978097194,1228,0,0
8.45,19,5,1,44.627786520515514,24.123203285420946,2607,6,0
1.33,10,0,0,92.8372413443215,53.0321697467488,519,11,0
17.71,16,0,0,117.75908732509482,33.856262833675565,1675,7,0
74.62,5,0,0,73.08677528435571,47.97809719370294,255,3,0
49.87,17,1,0,113.97905140124865,31.041752224503764,7268,5,0
5.7,2,4,0,26.35128419352149,63.71252566735113,222785,12,0
41.41,17,2,0,90.29815725253003,30.926762491444215,477,7,0
75.68,23,0,0,70.30133867596889,36.5284052019165,1930,6,0
10.15,12,0,0,8.779861843066975,26.321697467488022,123373,11,0
72.9,0,5,1,81.67302385741431,29.27310061601643,217,4,0
9.42,16,0,0,108.78033922618128,29.911019849418206,302,9,0
7.33,22,4,0,71.77651050660711,94.8309377138946,9784,13,0
46.43,1,6,1,56.738770518082724,42.639288158795345,513,2,0
9.46,1,6,1,94.61849204501009,51.70431211498973,248,11,0
103.45,11,2,0,50.1265523251627,29.415468856947296,1946,8,0
256.8,10,5,1,86.2722201916002,66.67488021902807,1263321,0,0
53.13,14,6,1,81.67602489896197,20.65160848733744,17867,5,0
4.39,13,5,1,124.06627874611716,28.295687885010267,69,13,0
167.85,8,1,0,32.56204001915298,52.20260095824778,471,4,0
37.49,14,0,0,106.94057656071796,69.97399041752224,4508,6,0
80.75,13,4,0,111.96947990995358,32.60780287474333,5211,5,0
93.56,1,5,1,60.502072274069164,78.87200547570157,68211,1,0
39.19,2,5,1,99.48810545403636,30.116358658453116,71463,8,0
27.21,21,4,0,30.7264160271641,51.290896646132786,1565,5,0
56.25,20,2,0,107.38662184930259,64.67624914442163,932,6,0
40.94,15,5,1,15.623454191765013,65.83436002737851,133,5,0
26.38,21,5,1,61.66252231371523,46.770704996577685,922,10,0
67.37,2,6,1,123.94933070822627,33.72758384668035,11432,2,0
2.76,19,3,0,16.348380182571674,38.2258726899384,124967,0,0
64.93,5,5,1,60.28745279908268,30.663928815879533,5662,2,0
95.17,17,3,0,71.24552094800244,44.511978097193705,5895,0,0
99.49,20,4,0,74.43662986466175,28.45448323066393,365,6,0
163.2,0,0,0,71.14753475826807,29.609856262833677,2368,4,0
64.24,16,5,1,98.46491678052831,44.56947296372348,1804,10,0
7.24,18,0,0,28.80272837456648,29.51403148528405,4056,11,0
4.69,22,0,0,49.60883613969031,46.75427789185489,743,12,0
55.06,0,0,0,120.49531920390135,43.32101300479124,190249,3,0
80.12,6,2,0,110.54467979252006,34.39835728952772,20328,4,0
65.65,1,0,0,71.37612459154074,25.97946611909651,5161,3,0
31.21,6,2,0,113.32969859417553,38.54072553045859,2457,9,0
216.51,3,1,0,80.07063526066383,48.8870636550308,34496,4,0
8.27,0,4,0,38.46896987813209,63.65503080082136,222785,12,0
69.24,19,6,1,127.32657738872474,34.79260780287474,13602,6,0
113.5,21,3,0,98.11665818055292,25.949349760438057,5161,7,0
77.24,16,2,0,70.62411120389643,71.29911019849418,15647,6,0
157.61,2,5,1,42.79725089853956,50.091718001368925,1656,4,0
51.58,13,0,0,69.64154278913794,42.48596851471595,3996,6,0
21.9,14,6,1,60.42349316535928,39.832991101984945,1201,6,0
35.06,23,1,0,50.34005476845443,31.12662559890486,2523,1,0
73.88,11,0,0,50.264625393349384,33.16906228610541,1186,2,0
81.25,17,5,1,73.82002584666922,47.2580424366872,277,6,0
3.73,11,0,0,96.88008155323277,50.31074606433949,9034,12,0
3.61,6,1,0,115.85260902045145,85.1772758384668,276002,11,0
6.14,3,5,1,49.41924551902659,53.68925393566051,129,11,0
3.59,15,1,0,10.095896148744393,38.261464750171115,836,11,0
145.27,19,6,1,122.57114000330378,28.928131416837783,1946,12,0
52.12,0,6,1,54.508966483138956,89.4154688569473,307,2,0
57.56,11,5,1,110.83201249903897,46.119096509240244,5621,3,0
164.15,18,6,1,122.58464836326442,50.25872689938399,2307,10,0
77.51,2,6,1,35.061662145801826,25.155373032169745,95,11,0
43.36,17,6,1,119.6392812671089,52.082135523613964,471,10,0
140.21,2,0,0,104.5575505250331,49.79876796714579,1979,4,0
75.56,23,2,0,23.332574623584076,38.40930869267625,241,5,0
74.19,10,0,0,88.34624698010701,34.8911704312115,13602,3,0
9.46,18,3,0,118.09233428004157,59.15400410677618,1506,0,0
14.63,11,5,1,82.77498535848352,42.732375085557834,513,3,0
69.32,10,1,0,36.88821522848073,54.17932922655715,5354,4,0
7.52,23,6,1,35.50815876120308,20.733744010951405,895,10,0
62.49,7,0,0,70.49776719372518,68.07118412046543,137067,4,0
7.8,22,1,0,111.32885405045215,34.02327173169062,3458,11,0
3.74,16,5,1,93.35480529958619,26.833675564681723,14742,12,0
61.72,4,5,1,88.7619045029911,45.46201232032854,687276,2,0
66.49,16,6,1,74.32622564554251,45.582477754962355,177,6,0
7.3,21,0,0,87.46790356127246,40.889801505817935,6469,11,0
86.81,3,0,0,93.61843791380834,59.408624229979466,459921,2,0
65.79,23,1,0,41.846500121916165,28.399726214921287,291,6,0
25.9,15,5,1,38.74852503962923,53.81245722108145,519,5,0
79.95,10,5,1,109.79962151057525,69.53045859000684,3430,2,0
182.97,15,5,1,81.98686105920639,25.973990417522245,30770,1,0
53.6,14,3,0,86.98916961661781,52.41067761806981,571,0,0
52.42,21,6,1,85.51365159266568,43.01437371663244,1645,1,0
77.6,19,1,0,33.883571590882205,45.79329226557152,645,5,0
86.89,5,3,0,54.672681871385755,48.39151266255989,1368,2,0
35.1,20,0,0,23.686622600159364,29.32511978097194,77,6,0
153.08,16,1,0,60.89149556955184,86.91033538672143,1202,6,0
11.9,17,2,0,34.36614374839312,67.92607802874743,8512,10,0
71.71,9,4,0,73.15720076632884,43.90143737166324,18182,2,0
38.84,15,3,0,108.53118620519272,73.21834360027378,579,5,0
164.04,17,4,0,79.11122716008639,29.71937029431896,77,12,0
37.62,14,0,0,72.92067239846997,44.205338809034906,5548,0,0
50.95,19,5,1,71.93268784204507,31.42505133470226,151815,7,0
3.58,2,4,0,81.1270586244638,52.276522929500345,2435,9,0
83.05,7,6,1,114.358243698733,60.761122518822724,5619,2,0
7.28,22,6,1,124.38706420607348,39.04175222450377,493806,8,0
36.74,19,0,0,38.32363026022347,41.94113620807666,16183,7,0
118.54,6,5,1,70.63437449618705,62.66392881587954,134056,9,0
53.2,11,3,0,86.91864355127137,44.22724161533196,824,3,0
14.73,22,2,0,73.34105720054681,53.667351129363446,1925,7,0
73.47,15,2,0,20.072935354570173,39.77275838466804,595,5,0
1.33,23,6,1,19.815733439818935,34.064339493497606,224256,11,0
183.76,8,5,1,26.138941379996584,84.45722108145107,73,4,0
33.4,2,2,0,109.58736631732425,36.92539356605065,823,9,0
70.18,15,1,0,83.13895765608099,41.73305954825462,10076,7,0
72.92,14,0,0,61.1924000200104,39.383983572895275,595,5,0
29.26,3,5,1,124.09123019503856,49.9958932238193,45303,0,0
93.42,19,1,0,40.21015379396326,57.7056810403833,247,6,0
78.51,16,4,0,74.54329253118496,45.4757015742642,645,5,0
9.37,13,5,1,61.13183819483742,21.336071184120467,166081,9,0
6.66,21,3,0,71.44448832779456,30.023271731690624,77,10,0
3.73,18,6,1,131.7992667349217,91.45242984257358,1063,13,0
44.93,0,1,0,107.25372188119175,86.30800821355236,800,3,0
96.47,9,5,1,71.08745028246543,41.949349760438054,1446,4,0
53.42,22,5,1,42.179661052263164,45.883641341546884,635,6,0
53.51,8,0,0,66.83749916104695,64.65160848733744,932,2,0
100.43,16,6,1,82.51696521811883,16.290212183436,5666,5,0
6.65,17,1,0,105.57835980581594,22.882956878850102,31394,9,0
14.72,14,0,0,59.47446626431588,67.35934291581108,254,10,0
104.16,3,0,0,47.95641876197347,39.87679671457906,1532,11,0
47.3,6,5,1,60.691278292099355,54.84462696783025,191096,0,0
109.21,6,4,0,91.83285276948891,32.88158795345654,741,11,0
41.76,17,0,0,134.39019854945502,42.3025325119781,6120,11,0
68.2,23,6,1,94.76350847221612,38.78165639972622,686,6,0
31.22,3,0,0,57.49229826050536,14.839151266255989,267,2,0
49.8,18,0,0,13.571116270686346,35.22245037645448,3766,10,0
40.7,22,4,0,85.05657768889847,71.0965092402464,2971,7,0
107.68,0,3,0,34.73097566732369,80.435318275154,22305,2,0
12.29,13,5,1,133.59937790010446,50.03696098562629,911,5,0
138.24,8,1,0,81.61024437279143,60.336755646817245,1263321,4,0
4.24,15,2,0,77.89686002122842,38.36002737850787,836,12,0
66.66,22,4,0,49.57261394382341,80.05475701574264,22305,1,0
5.67,19,0,0,21.71111570454303,29.571526351813826,4056,12,0
2.29,4,1,0,102.6499861209079,85.96030116358658,18760,9,0
14.23,8,1,0,65.96994913360751,51.42778918548939,78968,8,0
28.87,8,2,0,85.6308941131633,66.88569472963724,254,12,0
11.56,4,0,0,63.430655124326066,74.91033538672143,914,9,0
69.92,14,0,0,84.14816629674195,34.64750171115674,1360,6,0
9.8,12,1,0,69.80628114866171,78.7460643394935,68211,10,0
64.15,4,4,0,115.20442541977063,67.27720739219713,254282,2,0
84.16,16,0,0,118.54824176994005,27.707049965776864,291,6,0
97.06,14,3,0,67.12711374052715,37.63175906913073,49,6,0
1.63,16,1,0,68.2627392028662,32.17796030116359,94325,11,0
24.43,15,0,0,84.1818462789957,36.276522929500345,178,0,0
66.91,5,6,1,11.650633477762751,52.92265571526352,4913,2,0
1.91,23,4,0,83.39033600655058,38.34360027378508,124967,12,0
23.74,16,0,0,91.1018467638846,14.80082135523614,2135,1,0
9.95,19,0,0,65.63978123702786,80.13415468856947,61,13,0
60.31,23,0,0,64.06572214537003,41.83983572895277,33917,6,0
9.72,21,3,0,62.51008171039296,22.677618069815196,4653,12,0
75.77,13,6,1,111.58918738027846,55.48254620123203,1850,6,0
86.57,4,0,0,6.213017371387601,55.36755646817249,191096,2,0
206.01,15,3,0,74.07239075530406,41.86447638603696,158701,11,0
2.51,14,1,0,71.82763457300271,26.95687885010267,14742,11,0
17.52,18,6,1,40.999556494231854,43.75906913073238,1766,0,0
7.94,8,2,0,58.27032843439463,63.92881587953457,4677,0,0
86.74,9,3,0,100.428625094375,33.034907597535934,7692,3,0
37.94,22,4,0,120.13964284852746,62.42573579739904,139650,5,0
132.81,11,6,1,88.85366263308892,74.18480492813141,579,4,0
8.73,21,5,1,121.69833308953349,41.75770020533881,33917,11,0
99.95,7,5,1,127.05896611394711,25.021218343600275,1684,4,0
88.74,13,5,1,34.29727639724995,15.638603696098563,2135,7,0
7.63,16,5,1,79.52496626253208,34.91033538672142,1526206,12,0
26.25,20,5,1,122.75335154078319,73.24845995893224,450,10,0
6.71,19,0,0,111.95625871222683,28.733744010951405,1490,11,0
22.92,21,0,0,30.989297486082712,54.18480492813142,277,0,0
8.46,17,3,0,64.60289163496755,39.10198494182067,241,12,0
3.25,20,1,0,99.92930058197392,35.78370978781656,328,7,0
2.69,15,0,0,35.59481505796584,60.290212183436005,198,10,0
44.71,16,1,0,95.14392390728521,42.40930869267625,7155,6,0
2.5,1,6,1,105.73807438302592,69.35249828884326,43,8,0
36.34,2,5,1,83.93374572999056,25.3305954825462,45100,3,0
8.57,13,3,0,96.80093719344987,25.437371663244353,1684,12,0
8.41,20,5,1,51.500244217159704,19.485284052019164,3807,12,0
16.94,23,5,1,41.00924816286739,44.05749486652977,1595797,1,0
41.03,17,0,0,77.49903163548653,42.209445585215605,16183,11,0
68.01,5,5,1,105.84734420046652,47.7864476386037,270712,9,0
4.06,23,0,0,128.108275940805,65.11978097193703,69793,10,0
9.4,3,3,0,95.2104692597034,32.69815195071869,105638,8,0
45.49,5,3,0,27.969160900945777,16.27378507871321,1512,2,0
70.57,5,1,0,74.13911106543591,28.306639288158795,4575,8,0
57.51,12,0,0,78.2902308484217,66.91033538672143,1263321,1,0
36.24,6,6,1,65.92916955071247,69.18822724161534,467,2,0
9.51,18,4,0,51.51198428098998,86.63928815879535,18760,10,0
15.77,7,0,0,93.90148521308086,70.75975359342915,1274,8,0
4.57,12,0,0,100.08005484348503,20.670773442847366,166081,12,0
93.91,20,0,0,65.06666251469883,74.46954140999316,914,7,0
88.78,23,4,0,88.26710045545526,31.761806981519506,3495,10,0
51.7,13,3,0,55.3739432680046,67.14031485284052,254282,7,0
61.98,3,0,0,38.76366873785524,32.4517453798768,242,3,0
1.3,23,4,0,52.90285648360893,38.784394250513344,504,12,0
26.71,7,3,0,98.28170758039752,59.41409993155373,5791,9,0
79.62,4,5,1,50.5835602009629,48.153319644079396,1943,2,0
15.43,12,0,0,74.75083798076226,46.07529089664613,190178,1,0
5.49,10,5,1,33.466763884233536,60.336755646817245,630,11,0
103.15,23,0,0,71.7980796589457,35.16495550992471,3766,7,0
12.68,18,1,0,41.16612569541674,43.1129363449692,313,6,0
70.42,9,3,0,98.77622008372103,54.392881587953454,112,2,0
6.83,22,5,1,115.49503699906676,28.583162217659137,18128,11,0
28.23,21,0,0,123.08527525419878,14.442162902121835,163415,10,0
208.79,8,6,1,84.47918512057919,92.02190280629706,16305,11,0
37.5,0,6,1,50.4796922949932,46.02053388090349,1453,9,0
5.49,22,6,1,52.988203219904726,26.72142368240931,54185,11,0
14.19,15,0,0,37.55597742770669,31.876796714579054,242,5,0
13.2,12,2,0,100.95861809902918,53.71663244353183,1420,10,0
36.18,17,4,0,76.73593583490805,32.37234770704997,2211,7,0
4.57,18,6,1,61.41981424147398,67.34017796030116,137067,13,0
8.02,13,6,1,88.01014341564758,20.89801505817933,166081,7,0
73.17,1,0,0,65.48119265422731,31.849418206707735,832,11,0
84.37,22,6,1,83.84404403983629,22.855578370978783,276896,10,0
4.85,2,4,0,78.6573548867286,56.016427104722794,192,12,0
9.31,18,3,0,25.08605361978589,51.728952772073924,471,0,0
183.84,0,2,0,35.248688348585574,44.172484599589325,320420,4,0
8.68,12,5,1,83.206929502316,44.93908281998631,241,12,0
57.33,7,1,0,32.63259945665955,69.01574264202601,427,2,0
80.1,18,2,0,99.88246962074196,66.68309377138947,4603,6,0
38.86,18,5,1,73.29488277036988,32.355920602327174,46,6,0
5.97,1,4,0,78.01756708807534,43.37303216974675,5548,8,0
24.32,17,0,0,78.84869339344533,19.644079397672826,28739,6,0
2.46,15,5,1,114.30498506866628,21.8507871321013,10295,11,0
9.48,22,2,0,65.32672761778404,25.713894592744694,238602,11,0
57.57,6,0,0,88.70106838854376,34.34633812457221,35439,4,0
51.56,17,5,1,21.263660500513758,30.5160848733744,286,7,0
118.29,8,6,1,104.17659597474734,93.04312114989733,1324,4,0
57.87,10,4,0,89.7724626635797,42.03696098562629,26551,3,0
11.39,15,3,0,56.84690139493789,73.00205338809035,95015,10,0
90.77,3,6,1,72.5951438952495,30.666666666666668,1102,11,0
5.47,19,6,1,54.016535424625374,26.368240930869266,15269,11,0
85.7,0,2,0,73.73942268796608,39.31006160164271,100,11,0
48.22,19,4,0,86.83626052981192,51.285420944558524,215,5,0
1.4,13,5,1,92.27421556679624,25.848049281314168,45100,11,0
8.59,19,5,1,54.043978637446884,36.328542094455855,186140,12,0
171.95,2,1,0,73.93797345818518,34.30527036276523,1526206,9,0
1.98,5,5,1,47.51677732504027,45.360711841204655,14871,9,0
154.8,3,5,1,72.0118359086173,41.949349760438054,5196,8,0
8.96,1,6,1,87.37469400427975,62.729637234770706,260,12,0
1.08,17,0,0,104.3260197053281,24.161533196440793,93193,9,0
74.06,8,4,0,93.3275716765242,67.1978097193703,736284,0,0
27.85,14,5,1,69.27539385244617,28.372347707049965,69,7,0
37.97,19,4,0,81.79189790405013,47.75906913073238,31515,7,0
5.29,20,0,0,95.5118768254042,46.40109514031485,3688,9,0
7.51,4,4,0,61.092790632927745,59.44695414099932,1923,11,0
113.03,4,0,0,110.90503214160309,41.18275154004107,1988,4,0
8.3,13,3,0,97.55148795108818,40.643394934976044,3255,12,0
147.64,15,1,0,102.39468590776751,68.74743326488706,43102,7,0
43.11,22,1,0,79.14285399098443,75.60301163586584,914,0,0
110.72,22,0,0,45.41307650641487,33.596167008898014,1970,7,0
136.11,9,4,0,78.15203351298511,62.04243668720055,1426,4,0
32.99,18,6,1,77.03715143364994,92.33127994524298,4845,7,0
47.79,10,6,1,114.01708651342203,41.158110882956876,149,2,0
6.64,21,6,1,32.69508689532444,19.68788501026694,28425,8,0
8.14,12,1,0,65.40758455031722,18.590006844626966,21635,8,0
78.14,21,6,1,123.51021867143454,84.9034907597536,5648,10,0
75.71,10,1,0,90.40611079691655,31.38398357289528,477,11,0
140.07,0,1,0,45.4683232063985,54.559890485968516,470,4,0
38.81,17,5,1,124.39191755117005,64.66529774127311,932,10,0
175.84,10,5,1,69.60393967473752,42.299794661190965,16183,4,0
2.73,15,5,1,117.55288564908415,74.25051334702259,165,1,0
983.44,13,5,1,19.662827855366125,31.917864476386036,3495,12,0
127.97,13,0,0,102.11899639125002,51.59753593429158,571,6,0
36.66,15,6,1,56.15001133154672,58.13278576317591,597,5,0
3.88,15,0,0,63.8785884241769,47.011635865845314,2401,12,0
73.95,14,3,0,75.67272263183939,30.04517453798768,632,5,0
82.74,10,6,1,31.183145840899076,61.464750171115675,308,2,0
12.96,12,6,1,69.0567551250483,32.33127994524298,16163,10,0
63.01,10,0,0,71.12993731944933,36.473648186173854,106,2,0
200.45,6,1,0,97.67223055642714,28.188911704312115,51427,4,0
65.88,4,6,1,36.40540832457631,86.26146475017111,18760,2,0
20.05,16,2,0,99.94886273348104,25.790554414784395,391389,5,0
6.11,15,6,1,102.85648298322342,21.374401095140314,10295,1,0
64.59,14,4,0,110.45798663869516,42.91581108829569,7155,6,0
2.42,12,1,0,88.21801913704724,40.74469541409993,276002,11,0
185.54,1,1,0,86.07201758066864,38.861054072553046,21902,4,0
2905.96,19,5,1,51.726279766673564,27.72895277207392,520,12,0
145.88,12,2,0,100.68187261456518,19.980835044490075,1383,8,0
7.13,9,4,0,113.40687431994074,53.76865160848734,1925,9,0
77.05,5,0,0,74.19223242504144,23.01163586584531,564,2,0
61.18,1,4,0,77.7031600643953,83.09924709103353,6284,2,0
55.55,0,6,1,31.88810610140161,20.97741273100616,1423,2,0
6.0,12,0,0,114.5277018349678,67.30184804928132,736284,13,0
68.94,12,2,0,66.23626219382207,41.07597535934291,341,0,0
185.94,10,6,1,123.30715151731643,41.0321697467488,5760,4,0
39.59,10,5,1,70.91961078630969,35.42505133470226,27971,9,0
27.48,17,5,1,87.01777777506855,19.51813826146475,2504700,6,0
7.33,21,2,0,79.43327539494508,44.86242299794661,1725,9,0
40.51,15,5,1,84.71123827625199,24.919917864476385,5341,6,0
7.71,17,1,0,94.66746600531309,53.76317590691308,99,13,0
196.84,22,4,0,62.25545207289708,57.412731006160165,2208,5,0
66.95,9,2,0,79.53158032846517,63.32922655715264,207,2,0
30.74,18,6,1,63.79488866649048,21.812457221081452,165556,7,0
52.4,3,0,0,64.8258793375465,40.84325804243669,5760,3,0
82.2,20,6,1,36.255656987517085,42.965092402464066,1302,6,0
59.34,18,6,1,57.244212591657714,31.537303216974674,3495,10,0
202.36,17,2,0,40.488408925059886,40.91991786447639,276002,5,0
7.7,17,4,0,112.58921852082815,22.05612594113621,165556,0,0
9.5,17,1,0,17.801535213175967,28.380561259411362,69,12,0
75.84,22,4,0,82.95763213628697,44.45722108145106,18182,9,0
61.92,1,0,0,31.112019940582297,23.73990417522245,203571,2,0
320.27,5,5,1,60.58624165526417,34.48870636550308,1526206,8,0
14.64,12,4,0,96.24539962887495,49.158110882956876,46563,7,0
21.69,12,6,1,103.02437753684707,46.90759753593429,11256,10,0
7.49,22,5,1,60.86434089540747,23.394934976043807,34153,8,0
110.26,2,3,0,111.68665893495458,55.865845311430526,6581,4,0
19.27,14,3,0,68.19632424987337,57.99041752224504,597,0,0
7.92,2,1,0,83.41258796987476,79.6249144421629,151022,12,0
34.52,21,6,1,91.43298687251323,56.79397672826831,4367,10,0
89.43,14,5,1,94.98320229033989,26.888432580424368,4512,6,0
29.08,21,2,0,115.74531478735231,26.16563997262149,116001,5,0
9.51,7,0,0,53.72658346834779,53.752224503764545,129,9,0
125.03,8,0,0,80.80462500383953,47.200547570157426,1526206,9,0
3.75,18,4,0,126.09284070127562,46.59000684462697,2376,1,0
4.49,15,1,0,93.36074135589797,53.80698151950719,2471,10,0
12.62,12,2,0,73.65314096030629,15.170431211498974,460,7,0
68.0,9,1,0,124.1515915909309,64.22724161533196,355,2,0
1.08,11,0,0,89.18087815529778,44.40246406570842,1810,8,0
91.45,12,6,1,62.99949943749913,51.30184804928131,248,7,0
294.51,0,3,0,37.97332294171217,72.07939767282683,6018,4,1
33.72,23,6,1,24.009319502780198,59.134839151266256,24840,5,0
1.96,13,4,0,104.052216953952,59.98083504449008,1131,13,0
122.3,5,4,0,84.87302349849924,58.050650239561946,597,4,0
28.98,14,0,0,25.188779108172607,50.88021902806297,663,10,0
55.97,16,3,0,134.85174790659653,35.18412046543463,144160,7,0
1.08,16,3,0,69.02316695485987,47.29637234770705,54287,12,0
339.0,14,3,0,68.0654183974767,23.72895277207392,372,9,0
28.16,17,0,0,102.29273868121352,23.857631759069132,1595797,6,0
57.21,10,6,1,86.85094277873422,35.304585900068446,85,2,0
108.09,12,3,0,100.95031617390424,43.07460643394935,641349,11,0
130.1,14,6,1,16.95297808559609,52.323066392881586,581,0,0
389.64,23,4,0,43.07543995074781,36.114989733059545,186140,11,0
65.75,19,6,1,34.78782549389572,30.494182067077343,632,0,0
201.44,7,5,1,75.99838947817973,34.17932922655715,94014,4,0
97.33,5,2,0,24.940868238913286,28.082135523613964,828,11,0
42.58,8,5,1,127.25066037802274,64.0082135523614,355,3,0
2.12,6,6,1,115.18070809335032,33.347022587268995,3458,8,0
77.9,14,0,0,55.42764179539254,30.921286789869953,477,6,0
138.97,16,0,0,91.13066210692463,38.58179329226557,3104,6,0
45.62,17,0,0,9.596496690884496,63.67419575633128,76,0,0
7.19,18,5,1,102.23831294957266,35.931553730321696,106,6,0
3.99,10,1,0,63.0773459598877,67.29089664613278,10717,0,0
63.26,13,6,1,66.74688629662712,54.68856947296372,5577,10,0
118.4,13,5,1,103.42876816646196,30.978781656399725,3495,6,0
164.18,18,6,1,66.4464061991843,27.66050650239562,107941,5,0
76.83,17,1,0,66.20312435042334,44.580424366872,964,10,0
163.45,10,6,1,45.31279802599958,29.347022587268995,3343,4,0
68.7,7,6,1,91.84948883341102,42.37371663244353,1051,2,0
15.27,23,5,1,40.2245899788679,57.497604380561256,1762,7,0
220.61,10,3,0,73.0897948966127,25.60164271047228,391389,4,0
1.03,15,4,0,84.50906103956375,41.67830253251198,33917,1,0
187.61,9,2,0,20.906464938658573,35.564681724846,24536,4,0
20.32,6,5,1,36.626514721665195,71.19233401779603,463,12,0
17.92,18,4,0,110.92441154885891,45.16084873374401,100,5,0
20.04,22,5,1,43.722470776728166,71.49349760438056,1190,5,0
36.72,17,0,0,27.40731628345781,29.311430527036276,1382480,5,0
34.09,12,6,1,110.65843435385922,23.3347022587269,564,10,0
19.9,23,6,1,99.9642784710117,55.03353867214237,5577,5,0
76.09,18,1,0,73.27497803953726,31.679671457905545,832,1,0
5.99,23,5,1,86.55974310473823,19.65776865160849,28739,11,0
20.82,15,0,0,50.984472199491265,36.309377138945926,2644,7,0
41.15,7,3,0,20.614638839864956,43.233401779603014,313,2,0
95.16,0,5,1,44.46481601328047,52.91991786447639,4913,8,0
15.41,19,0,0,97.29636326621466,38.74880219028063,241,10,0
88.14,9,6,1,104.20820645462398,43.18412046543463,313,2,0
7.8,8,6,1,68.75442301803753,58.784394250513344,51,12,0
78.98,12,6,1,99.18540549404247,37.47296372347707,823,0,0
46.71,6,6,1,71.26076284728182,19.121149897330596,111,2,0
77.71,17,6,1,36.889299252752764,46.34633812457221,54287,10,0
55.1,5,1,0,100.08272111720258,52.09856262833676,571,2,0
4.75,7,3,0,85.0789390139553,39.058179329226554,21902,9,0
24.92,18,0,0,22.701360606946878,34.42299794661191,2906700,11,0
87.57,19,3,0,85.98252339950345,43.945242984257355,1645,6,0
181.91,20,4,0,26.45936069129788,39.47707049965777,493806,1,0
9.16,13,0,0,98.36678238880066,59.42505133470226,205,10,0
2.15,21,6,1,26.595606797941148,19.29637234770705,28739,13,0
5.54,13,6,1,34.02667576106952,31.835728952772072,647,9,0
77.15,3,3,0,67.73452692485476,25.897330595482547,1504,2,0
53.32,8,6,1,97.69331678252959,53.275838466803556,1383,2,0
36.93,19,0,0,84.53549234204306,73.21834360027378,642,10,0
91.19,23,6,1,92.80153344140905,44.42436687200548,566,6,0
25.21,3,0,0,63.53460245134196,57.19917864476386,207,11,0
188.66,22,0,0,79.14161903608166,64.72826830937714,76,7,0
76.58,1,4,0,61.71124704806097,48.63518138261465,34882,2,0
65.82,10,1,0,87.7002233571746,29.560574948665298,140,2,0
1.84,7,6,1,59.00297168398284,49.544147843942504,4533,12,0
47.56,14,1,0,72.51359708456656,45.18822724161533,5621,0,0
40.35,20,0,0,35.118237860729806,69.38261464750171,331,6,0
189.51,0,6,1,25.04251263661896,90.59000684462697,217,12,0
228.29,1,5,1,44.24662782536001,61.93018480492813,1426,9,0
29.52,16,0,0,47.58671724043008,79.85215605749487,145,5,0
45.33,18,4,0,32.941831846733166,56.035592060232716,67082,5,0
91.95,0,6,1,72.24200643364595,43.20328542094456,313,3,0
186.19,8,4,0,68.57697866201484,34.48596851471595,6951,4,0
14.67,17,5,1,75.33065252145302,58.92950034223135,1506,7,0
9.41,12,0,0,109.77352128883116,33.09240246406571,27020,12,0
52.79,18,6,1,108.65771169266833,80.11772758384669,145,0,0
151.39,12,4,0,75.32350618835692,31.811088295687885,647,1,0
92.79,8,2,0,111.79086215944159,24.878850102669404,71335,2,0
2.13,3,4,0,19.028913422533147,55.997262149212865,11751,0,0
91.57,6,1,0,101.90296976460829,32.50376454483231,94325,3,0
34.34,1,5,1,121.45176899166691,49.02943189596167,84106,3,0
39.92,1,4,0,66.19584667841968,46.75427789185489,765,2,0
87.97,17,4,0,47.960631275027076,33.946611909650926,94014,6,0
80.09,21,0,0,30.56849522093612,79.08281998631075,493,7,0
91.72,0,5,1,98.29228739391671,84.24640657084188,1461,2,0
9.71,21,5,1,63.814726356290805,64.91444216290212,932,6,0
28.42,13,3,0,47.70526696120589,41.63997262149213,1563,6,0
2.0,9,4,0,96.8367601289069,60.19164955509925,1131,11,0
59.76,8,0,0,54.8282794526114,43.82477754962355,35299,4,0
7.23,13,0,0,31.246894630847663,38.79260780287474,5848,13,0
51.48,18,1,0,101.41474589593251,31.68788501026694,12335,6,0
129.74,21,4,0,102.24687013806434,23.920602327173167,847,0,0
92.37,3,2,0,115.25006343978204,43.24709103353867,4074,9,0
80.39,13,6,1,43.70774426849358,42.51882272416153,7155,1,0
50.97,12,0,0,41.7935884676511,59.32101300479124,1923,6,0
23.39,17,4,0,32.795453135091876,56.323066392881586,2089,6,0
79.8,22,5,1,58.04525014337851,32.19712525667351,242,6,0
134.52,7,4,0,90.86898763428881,60.71184120465435,190178,1,0
39.66,17,0,0,52.0214823804682,37.229295003422315,1789,10,0
57.43,22,4,0,116.43311041858861,28.0684462696783,828,1,0
165.31,16,1,0,36.257573329941025,48.29295003422313,413574,6,0
113.37,10,3,0,38.310113196874,61.42915811088296,118,4,0
63.33,0,0,0,12.859447759675527,45.163586584531146,381459,2,0
55.59,7,6,1,60.748053205540806,54.050650239561946,2471,2,0
58.4,7,6,1,97.35335819392759,38.2943189596167,47249,2,0
113.02,4,0,0,79.00743684555462,69.44010951403149,331,4,0
63.53,2,0,0,109.05210567401478,49.00479123887748,601723,3,0
2.62,19,6,1,12.595362361153134,21.689253935660506,4653,12,0
3.04,13,1,0,40.03092209266102,26.023271731690624,4354,9,0
49.77,3,6,1,50.78150331295952,29.319644079397673,137,3,0
4.99,21,4,0,76.39915084388593,48.0082135523614,31515,11,0
5.4,12,5,1,45.4400370822202,64.08213552361396,2304,5,0
7.11,12,6,1,89.17952281825228,38.90485968514716,124967,11,0
49.22,16,0,0,30.18428841277676,41.06502395619439,149,6,0
45.44,5,6,1,60.684808864012396,45.81519507186858,1195,3,0
83.96,12,0,0,84.44429127271552,25.021218343600275,1770,10,0
88.3,17,6,1,90.02961306768856,40.30116358658453,595,0,0
63.96,8,2,0,114.33618943184251,43.89048596851472,42619,4,0
68.59,3,2,0,133.81147979978547,39.27446954140999,509,2,0
56.3,16,0,0,66.60757556908302,61.6290212183436,37,7,0
101.05,6,2,0,11.42589899225492,32.63244353182751,737,4,0
80.13,20,0,0,81.00528479664948,37.01574264202601,823,6,0
9.39,12,0,0,59.078278413793626,73.160848733744,642,10,0
16.03,18,0,0,86.21531037713717,52.32580424366872,581,1,0
30.73,12,0,0,123.96478077936926,53.327857631759066,4913,5,0
81.49,21,1,0,107.79678988592114,30.98425735797399,885,6,0
53.96,16,1,0,48.47472695535774,54.17659137577002,112,7,0
6.01,9,3,0,89.33952683400204,50.997946611909654,912,11,0
22.05,17,6,1,111.20185613903662,26.310746064339494,2691,6,0
38.67,0,0,0,61.67180461183731,25.927446954141,1507,9,0
90.87,6,4,0,68.09177041450866,33.34154688569473,741,4,0
6.12,17,5,1,81.3455255792279,43.94798083504449,1766,12,0
3.66,0,1,0,83.04111058134062,37.385352498288846,1789,8,0
8.68,19,0,0,41.07303151761252,27.41409993155373,5875,12,0
36.42,15,1,0,73.11994682242258,34.44216290212184,36438,6,0
453.86,21,3,0,101.41563823524191,35.134839151266256,3766,9,0
2.49,6,5,1,56.06995271541668,75.06913073237509,1165,11,0
3.18,20,0,0,77.8445114731316,82.78713210130049,2258,1,0
71.49,8,6,1,101.64705337828354,35.219712525667354,3766,2,0
1.13,17,0,0,106.56346452844343,58.614647501711154,51,7,0
73.4,3,1,0,81.42847487743882,28.424366872005475,3730,2,0
2.77,14,6,1,50.96401950437009,22.0041067761807,973849,11,0
32.93,18,1,0,59.594118906524166,22.272416153319643,230,7,0
48.69,22,2,0,69.71644248214365,40.139630390143736,321,6,0
7.14,0,0,0,86.68388122737173,87.47433264887064,397,11,0
34.51,1,0,0,43.76810919558709,36.544832306639286,186140,3,0
16.13,11,4,0,71.58477058622533,77.62628336755647,140,11,0
143.66,17,6,1,44.060799786844406,20.88158795345654,1423,12,0
9.54,5,4,0,63.10334160681083,66.3107460643395,5778,12,0
98.05,17,2,0,53.410348638572906,55.709787816563995,6581,7,0
23.51,4,3,0,51.5394804799643,22.847364818617386,276896,3,0
5.57,16,3,0,84.00118099764092,39.27720739219713,509,12,0
3.17,20,3,0,31.932920380701567,56.91991786447639,841711,10,0
81.26,13,5,1,109.32642054171765,33.06228610540725,1140,6,0
67.86,21,3,0,49.00076425414722,25.95208761122519,2395,6,0
59.61,10,0,0,66.93674900992606,21.423682409308693,1689,2,0
88.31,7,6,1,130.22565609368158,27.028062970568104,54185,2,0
122.47,8,4,0,101.28059805665315,66.62833675564681,590,8,0
75.66,21,6,1,83.39779612200982,74.26420260095824,6713,7,0
553.59,13,4,0,91.24322292620772,34.026009582477755,718,11,0
477.55,12,6,1,35.914328933517375,29.730321697467488,1078,13,0
1.44,9,3,0,83.32702808438519,47.24161533196441,1760,8,0
137.83,23,5,1,37.14828427353622,19.04722792607803,136,12,0
49.13,15,5,1,90.80691534040697,33.77138945927447,601723,7,0
9.36,12,4,0,93.26225040869659,35.51266255989049,144160,13,0
8.12,0,6,1,8.494479413470978,55.93976728268309,7987,11,0
151.01,20,0,0,24.04225084743093,32.473648186173854,32891,5,0
20.42,17,5,1,97.42545729359541,47.058179329226554,270712,5,0
130.82,8,6,1,117.6224228268387,50.12457221081451,568,4,0
145.96,9,6,1,43.52882627276207,50.105407255304584,673342,1,0
107.45,5,2,0,72.14703916658978,53.478439425051334,653,8,0
9.59,15,0,0,29.44823532284753,21.429158110882955,9594,10,0
2.96,3,0,0,78.93903033586253,58.13826146475017,237282,12,0
6.56,11,4,0,52.85399511759957,64.58590006844626,932,8,0
8.06,15,6,1,47.8227947100217,40.48459958932238,6469,12,0
4.18,6,6,1,118.02802657880434,53.87268993839836,519,12,0
27.89,8,3,0,84.90482897732132,15.619438740588638,817312,2,0
99.56,11,5,1,87.95904071711219,70.88843258042436,2661,4,0
66.22,14,6,1,81.70095061768853,40.32032854209446,595,6,0
47.05,7,0,0,61.49005943041216,24.197125256673512,128715,4,0
70.67,17,5,1,72.64055948667384,49.96851471594798,63,1,0
188.21,6,0,0,94.94412494418431,41.69199178644764,10076,4,0
109.2,14,6,1,53.09661576512637,26.16290212183436,19408,7,0
67.57,22,2,0,84.00445370443528,64.74469541409994,337,10,0
1.27,4,5,1,84.0042657655059,73.7138945927447,522,11,0
34.68,10,3,0,102.22886918963924,30.16563997262149,4306,3,0
23.13,16,1,0,121.6351861260876,64.0164271047228,466,5,0
22.76,12,1,0,49.65653286231004,36.427104722792606,2644,5,0
60.3,21,6,1,80.95920012342476,27.430527036276523,5875,7,0
43.58,10,4,0,95.85974458474205,73.57426420260096,589,3,0
27.68,13,0,0,37.03183218694681,60.65434633812457,198,1,0
8.24,17,3,0,44.70617571075396,28.33675564681725,520,11,0
1.15,17,4,0,105.31123366932422,42.0807665982204,33917,1,0
37.12,16,0,0,82.69538546718049,91.45790554414785,9565,5,0
74.01,0,2,0,107.32088283552483,34.168377823408626,76383,2,0
58.89,21,0,0,59.592724581436975,60.55578370978782,1241364,7,0
6.73,0,4,0,71.03230027602262,57.831622176591374,1143,8,0
51.79,11,2,0,88.09501916737017,43.80835044490075,1645,3,0
89.1,4,0,0,114.69952497377847,69.52498288843258,13717,2,0
14.82,19,1,0,77.16608451358884,42.39835728952772,3776,5,0
21.51,23,4,0,96.75881350678553,29.374401095140314,77,10,0
41.35,10,3,0,103.96946648804844,41.138945927446954,1446,3,0
109.24,10,6,1,126.95218983803223,58.620123203285424,626,4,0
4.35,17,4,0,88.7717255095925,34.79260780287474,1526206,12,0
1.58,16,6,1,36.734969361704394,28.969199178644764,1228,6,0
194.12,6,6,1,20.739053816824967,37.60438056125941,1577385,4,0
128.01,11,1,0,88.93239127400572,31.83299110198494,832,12,0
87.9,5,4,0,96.27263729927226,40.12594113620808,3395,4,0
20.32,16,3,0,57.03597535923219,81.4318959616701,376,1,0
174.7,14,6,1,86.16900001554605,53.949349760438054,519,7,0
64.48,19,1,0,72.36425506743419,20.227241615331966,976,9,0
28.64,16,2,0,59.81022893993058,46.65023956194388,725,5,0
106.62,3,5,1,88.31855706638356,29.062286105407257,302,4,0
47.61,19,2,0,115.07200457015982,21.960301163586585,4542,0,0
50.19,17,2,0,110.70273974259,44.36413415468857,320420,6,0
5.79,4,4,0,109.1757932942406,89.7138945927447,19090,12,0
9.02,5,6,1,67.18772230228622,56.67077344284736,91,9,0
77.82,20,3,0,82.34847717093687,38.25872689938399,241,0,0
212.23,4,6,1,112.01494315255476,35.46885694729637,21134,4,0
44.64,19,1,0,36.64452301364963,83.14852840520192,6284,10,0
75.25,12,1,0,18.528883768161773,45.67830253251198,645,0,0
66.23,0,6,1,73.88502898061766,29.39082819986311,104,2,0
93.42,18,6,1,50.33401728122451,63.238877481177276,4589,1,0
196.24,13,5,1,50.83512404559652,64.65982203969884,466,5,0
88.84,23,5,1,50.303933405717956,61.40999315537303,1271,7,0
42.23,14,6,1,59.88457189381814,57.16906228610541,269,7,0
45.34,11,5,1,55.380980830490905,70.74332648870636,1970,2,0
5.69,14,5,1,69.10603320426588,33.4839151266256,409656,11,0
11.3,16,5,1,81.77086237922838,35.84941820670773,21134,5,0
30.12,9,5,1,92.73284691225084,77.54688569472964,46944,0,0
59.84,3,6,1,53.50172004491069,47.00889801505818,2401,2,0
2.99,15,0,0,78.92226838693269,23.89322381930185,372,12,0
4.69,2,0,0,88.19667178062166,44.09034907597536,320420,8,0
96.2,15,0,0,116.60259088826668,24.22450376454483,34153,8,0
15.14,12,5,1,70.34953916540857,57.0321697467488,754,7,0
1.33,23,3,0,92.2931215522073,47.72621492128679,1089,10,0
14.78,0,6,1,98.31458703880092,29.472963723477072,4056,9,0
13.94,22,4,0,95.69172777754258,44.05749486652977,3096,6,0
20.95,14,0,0,89.72468057153074,52.772073921971256,1514,6,0
78.37,13,0,0,27.851889534299147,62.38740588637919,260,7,0
3.51,18,0,0,121.9094518163414,30.559890485968516,338,7,0
55.24,3,6,1,47.32974568587178,60.303901437371664,1241364,2,0
44.23,22,6,1,38.340918109606996,36.26009582477755,116155,7,0
67.62,21,0,0,59.369147137429344,33.47296372347707,224256,0,0
27.03,18,2,0,118.82656751065888,37.41820670773443,3684,10,0
59.37,7,5,1,46.02212911741133,46.680355920602324,1749,2,0
104.09,2,6,1,104.30222738332446,32.785763175906915,795,4,0
17.7,16,6,1,110.02343944575505,43.37577002053388,313,10,0
71.81,21,4,0,94.45845827457076,40.930869267624914,565,6,0
15.03,6,2,0,110.5860054096566,71.78918548939083,6018,9,0
5.59,11,3,0,79.37964851451832,50.75975359342916,9034,0,0
59.94,12,1,0,95.77189753649775,19.474332648870636,28739,7,0
64.8,6,1,0,57.78488868543759,29.88637919233402,140,2,0
20.31,16,1,0,82.24464240927236,67.93702943189597,1178,1,0
89.76,11,0,0,115.19700016769767,44.77481177275838,645,4,0
97.72,1,6,1,12.094966700011316,32.31211498973306,2303,4,0
202.32,17,2,0,14.116589260353974,26.587268993839835,116001,5,0
82.9,16,6,1,92.52906413109083,26.11362080766598,2395,6,0
11.17,11,1,0,76.97376051160967,51.53182751540041,92985,0,0
56.41,0,2,0,118.67881167944597,25.54688569472964,2395,3,0
57.8,2,5,1,90.100480584345,45.25941136208077,100,2,0
203.62,7,4,0,105.41751029136401,31.531827515400412,545147,4,0
153.11,16,5,1,60.33830055176674,27.143052703627653,86954,0,0
60.04,16,1,0,107.61363714645506,34.455852156057496,27971,0,0
3.29,14,1,0,69.28387599858954,67.79466119096509,7565,10,0
6.71,23,6,1,49.10173669304994,34.43394934976044,718,9,0
41.92,13,0,0,43.17224329806766,45.16906228610541,1804,7,0
23.23,18,2,0,100.99612787053657,52.87337440109514,344,10,0
2.98,12,1,0,95.6976798929421,63.76454483230664,532,5,0
14.79,15,4,0,106.67626075917401,61.96303901437371,759,0,0
131.5,17,0,0,87.31741919120975,47.23066392881588,54287,0,0
29.9,18,0,0,107.16129762402089,24.865160848733744,391389,11,0
5.28,5,3,0,48.54519101976985,60.24914442162902,2383912,11,0
29.38,15,4,0,11.135535618800679,45.14989733059548,75830,0,0
60.55,20,1,0,90.95877618833921,30.611909650924023,530,0,0
17.09,13,6,1,97.70876349953275,61.30047912388775,1306,7,0
40.54,20,0,0,47.98072051669262,37.83709787816564,836,7,0
89.53,9,0,0,104.35447293570859,57.40177960301163,754,4,0
2.55,3,1,0,103.82693187985916,60.36413415468857,630,12,0
118.58,21,4,0,63.07831668225898,48.65434633812457,34882,12,0
40.0,17,2,0,47.30244972001507,64.6050650239562,602,7,0
189.44,18,4,0,60.42769410152993,42.04791238877481,16183,1,0
66.47,6,2,0,112.94875027040403,59.096509240246405,2799,2,0
9.15,23,6,1,88.04282984411039,31.06365503080082,4573,9,0
39.48,18,0,0,92.51044739995721,17.973990417522245,21635,7,0
157.9,19,2,0,128.29556926908398,32.479123887748116,32891,6,0
45.39,8,4,0,74.63247426221048,58.17385352498289,247,11,0
94.55,3,3,0,64.91832443709457,60.02737850787132,1241364,0,0
8.6,2,1,0,77.64265084165562,68.22997946611909,43102,12,0
98.85,20,1,0,24.525661384710794,53.045859000684466,680,10,0
91.59,19,0,0,78.48246083134417,67.51813826146476,8512,10,0
3.59,20,6,1,70.59161538113888,28.005475701574266,321490,11,0
11.03,17,0,0,90.06072026305183,43.32375085557837,5548,0,0
25.82,18,1,0,20.543680100167794,33.973990417522245,76383,6,0
66.29,1,5,1,104.52546978005279,35.25530458590007,21134,2,0
87.98,3,6,1,77.7128286916881,59.30732375085558,3487,2,0
23.69,17,2,0,91.50934925742298,16.432580424366872,5666,5,0
78.29,1,6,1,72.11576803857841,28.840520191649556,3730,2,0
44.15,8,3,0,103.21223348494242,28.309377138945926,18128,9,0
78.3,5,6,1,79.79726729818121,18.518822724161534,4198,2,0
58.33,0,2,0,45.97822171752314,31.4031485284052,647,2,0
43.55,10,0,0,80.6190168543841,47.06639288158795,271,2,0
38.86,15,2,0,108.5995787978976,27.17864476386037,42384,10,0
145.88,22,5,1,62.91440883380365,30.439425051334702,7268,5,0
61.88,16,0,0,87.88904681614501,70.52977412731006,4508,7,0
100.86,22,0,0,83.51377242514984,41.111567419575636,3395,6,0
65.6,13,4,0,77.08256121880054,28.254620123203285,291,1,0
78.43,20,6,1,76.32932771431116,48.780287474332646,3833,6,0
35.48,6,1,0,114.31025284388929,32.62696783025325,54767,3,0
4.5,14,6,1,43.75808173402098,19.65776865160849,1312922,12,0
9.64,12,5,1,130.42490139333478,35.38672142368241,540,1,0
37.78,12,2,0,112.77905226315535,33.86173853524983,224256,10,0
234.2,16,0,0,52.05393389115529,73.56878850102669,128,6,0
80.76,22,6,1,97.25262368127557,33.1088295687885,1186,7,0
58.49,2,4,0,48.563836752170204,25.38261464750171,71335,4,0
70.89,12,3,0,48.293009754866205,30.466803559206024,1102,10,0
11.95,14,0,0,79.68595988031699,62.37371663244353,759,5,0
75.43,22,4,0,136.80428332183078,53.045859000684466,4878,7,0
1.87,21,6,1,88.1788469419888,72.50102669404518,3508,13,0
4.45,19,3,0,45.088059973434525,53.91649555099247,5354,13,0
34.1,23,4,0,102.92737197922642,78.44216290212184,1363,10,0
54.98,23,1,0,85.95832246371434,43.78370978781656,1766,6,0
135.24,14,2,0,42.28353544083106,25.39356605065024,2395,12,0
12.28,13,1,0,100.59945296815107,24.88158795345654,2456,0,0
121.65,0,6,1,85.37231327793947,57.327857631759066,1762,4,0
5.69,6,2,0,41.04517566319822,35.59753593429158,116155,9,0
19.13,16,6,1,55.85343660142652,35.304585900068446,3451,5,0
70.48,11,3,0,85.8962487538967,33.95756331279945,409656,2,0
49.52,21,1,0,50.7238646259793,20.413415468856947,895,0,0
30.45,12,5,1,82.73875151361116,46.261464750171115,3688,7,0
9.19,3,5,1,82.01107492523289,79.27173169062286,145,11,0
66.54,16,1,0,124.61918622941135,61.53593429158111,1196,0,0
1.25,7,3,0,103.70576090528577,60.13141683778234,1263321,0,0
54.0,5,2,0,76.21952584494969,86.58726899383984,3289,3,0
7.02,15,4,0,48.455028909740655,68.46817248459959,427,7,0
5.57,22,3,0,68.6887114980278,20.35044490075291,2870,11,0
19.32,10,5,1,103.73114805154061,70.57357973990418,1190,0,0
51.49,6,6,1,106.39906160216157,47.29363449691992,271,2,0
89.9,8,3,0,79.41218424870691,77.46475017111567,46944,0,0
61.49,21,4,0,10.077329597176021,70.19575633127995,4508,7,0
70.59,1,0,0,55.45852760969061,69.97399041752224,1274,2,0
135.99,18,0,0,80.12079082789926,84.04380561259411,2916,10,0
1.15,22,6,1,58.136670491392294,80.57768651608487,376,6,0
61.22,6,3,0,109.53520829848176,32.643394934976044,5211,4,0
52.83,23,2,0,75.58459971169933,16.366872005475702,1512,8,0
18.33,6,3,0,65.9006288390805,35.58932238193019,2644,9,0
3.01,5,3,0,67.64812188367549,40.94455852156057,158701,8,0
74.69,18,2,0,87.3873512022615,57.44284736481862,1766,5,0
5.83,0,4,0,29.14807921369238,91.33196440793976,1063,11,0
103.39,12,5,1,50.54264598900445,35.983572895277206,59744,7,0
1292.21,23,2,0,37.68697723830092,17.609856262833677,272,11,1
58.15,9,1,0,132.42691891961087,58.280629705681044,247,2,0
10.18,18,0,0,131.20396243614485,45.927446954141,2376,6,0
3.46,14,4,0,70.10428164292885,23.17864476386037,31394,12,0
172.72,14,0,0,63.94201801775299,74.26967830253251,348,5,0
5.43,15,2,0,77.1309476035405,46.893908281998634,743,13,0
4.65,14,5,1,83.97099235709999,24.48186173853525,218,1,0
15.97,19,5,1,106.31011780787848,43.775496235455165,313,7,0
7.26,10,5,1,94.73785166519849,62.29158110882957,732,12,0
119.8,12,6,1,68.73159962497162,84.82409308692677,73,5,0
57.15,14,1,0,78.10879581458995,31.60574948665298,3688,0,0
23.09,23,2,0,77.15674420428715,36.772073921971256,172817,5,0
25.99,23,2,0,82.77792113797496,69.97946611909651,1274,0,0
6.02,1,6,1,110.91595809686251,52.42436687200548,4913,11,0
27.95,8,3,0,45.67498247228618,21.815195071868583,1689,3,0
234.23,13,2,0,114.40808165902273,46.55167693360712,528,11,0
50.81,10,1,0,71.43649709343603,25.182751540041068,71335,2,0
47.68,7,4,0,95.74042863521085,28.084873374401095,194500,3,0
46.79,13,0,0,67.61578339702561,47.97809719370294,753116,1,0
9.55,23,5,1,75.22597136545343,56.91444216290212,6629,13,0
191.08,21,0,0,125.67045160896814,20.459958932238195,166081,5,0
36.14,15,0,0,91.54209900229004,78.7378507871321,526,0,0
7.42,12,5,1,84.03807179217655,34.143737166324435,718,12,0
1509.59,14,4,0,55.85843914095004,21.10335386721424,4542,12,0
126.11,9,5,1,104.10192468570203,42.521560574948666,1302,12,0
8.6,19,2,0,87.61747869149646,29.182751540041068,7297,10,0
5.79,1,0,0,79.11159466160647,61.23477070499658,1577385,11,0
53.1,6,1,0,41.39909768741723,35.657768651608485,144160,9,0
66.77,6,4,0,106.20067079414136,25.70841889117043,71335,2,0
62.66,0,6,1,58.443076109433925,26.50239561943874,15269,4,0
62.35,9,3,0,13.961229805815053,39.62217659137577,5512,4,0
3.67,14,6,1,113.09348994754964,20.01095140314853,1383,13,0
75.8,20,6,1,16.3170449154081,32.2217659137577,737,5,0
19.22,15,4,0,89.7550906407229,35.436002737850785,6006,7,0
29.21,0,6,1,77.33817428091102,64.12046543463381,1312,0,0
211.14,21,5,1,59.697871380318425,49.21834360027378,46563,0,0
91.57,19,2,0,113.11803507307899,41.12799452429842,149,5,0
94.48,3,0,0,40.71511235531618,28.62696783025325,1228,3,0
96.0,21,2,0,37.85801407573992,65.56331279945243,27829,7,0
124.89,3,6,1,86.05914671319306,57.713894592744694,4367,4,0
27.96,14,1,0,76.58023271653376,79.56741957563312,145,6,0
1.77,17,1,0,55.311438595006216,40.41341546885695,6469,12,0
7.16,21,0,0,77.30653147207376,35.79739904175222,3766,11,0
82.53,20,1,0,126.02838410902744,37.883641341546884,395,10,0
6.68,13,0,0,129.80007608647,25.527720739219713,45100,13,0
67.91,18,6,1,64.5319482344812,40.72553045859001,565,1,0
9.97,13,0,0,59.37597381920561,20.681724845995895,6841,9,0
86.47,2,6,1,36.31570931105692,27.121149897330596,525713,2,0
50.97,22,5,1,55.8180366502833,31.318275154004105,477,7,0
173.83,5,0,0,45.44772355742037,41.440109514031484,3255,4,0
58.9,18,2,0,68.2767955595611,24.854209445585216,1770,1,0
77.72,11,4,0,87.11203992665135,56.03285420944559,192805,0,0
6.66,12,2,0,66.41840269778695,46.729637234770706,765,12,0
84.9,10,4,0,114.25847054489732,91.38945927446954,1063,8,0
55.73,1,1,0,42.03971580137147,51.22518822724162,1565,2,0
62.16,23,3,0,84.09401703842964,22.50239561943874,276896,6,0
2.2,19,1,0,66.47423984285696,34.11362080766598,6951,12,0
51.59,4,5,1,92.89974032616556,34.573579739904176,21125,3,0
60.82,5,1,0,79.61386730612755,46.4476386036961,302,2,0
8.64,12,0,0,105.01019457409035,27.20602327173169,1352,11,0
134.39,11,2,0,55.67108712312118,49.69199178644764,2307,4,0
55.25,16,2,0,80.41525119594333,26.099931553730322,5903,6,0
64.78,12,5,1,88.17310569976851,59.90965092402464,1923,5,0
7.2,3,3,0,63.423381320239194,73.74948665297741,95015,9,0
5.89,13,2,0,51.57955228871145,14.978781656399725,267,13,0
24.77,9,5,1,64.67767789603101,58.24503764544832,597,11,0
8.3,23,5,1,33.3482509908299,32.91991786447639,1645,12,0
2.38,18,2,0,86.3032984892218,34.379192334017795,1493,7,0
76.19,18,5,1,119.51966700848628,45.53593429158111,645,6,0
5.23,18,3,0,72.98094485612164,43.26078028747433,324,10,0
224.21,11,2,0,52.00615043584132,42.67488021902806,190249,4,0
53.16,2,6,1,80.12729130415522,34.012320328542096,2836,4,0
100.13,2,3,0,68.90390322637082,33.91649555099247,21125,9,0
9.45,15,6,1,94.60499872377652,21.72210814510609,972,13,0
30.14,20,0,0,37.7987982120388,26.455852156057496,5875,7,0
69.12,13,5,1,44.62493358252066,42.70773442847365,7155,7,0
74.44,19,0,0,10.309923799666208,52.82135523613963,233717,1,0
30.35,17,5,1,134.19964249373484,62.90759753593429,263,1,0
214.57,1,6,1,59.0329909844129,35.011635865845314,19685,4,0
39.42,20,5,1,61.230442787808826,67.2662559890486,1078,6,0
2.3,13,1,0,65.67270004983435,29.66461327857632,302,12,0
77.26,18,1,0,57.164388963149996,33.555099247091036,2501,12,0
65.64,22,6,1,7.44706526130812,26.193018480492814,1507,7,0
103.67,0,4,0,105.13443203960864,28.44626967830253,18128,3,0
43.83,23,0,0,35.43497481657217,56.98015058179329,269,1,0
112.37,4,3,0,84.99486814254865,53.9192334017796,2786,4,0
56.81,15,0,0,79.65939434227359,24.851471594798085,93193,5,0
115.96,8,6,1,46.27941939561571,52.03285420944559,13835,4,0
136.74,11,3,0,23.185501593884183,38.14647501711157,295,8,0
17.89,14,0,0,79.74454257028717,44.56125941136208,241,6,0
232.99,15,1,0,49.31598445759254,37.24024640657084,4729,1,0
49.99,16,5,1,40.61999473061061,29.924709103353866,104,6,0
66.9,14,2,0,102.17447811682752,24.202600958247775,128715,0,0
34.58,0,0,0,80.66400582281413,20.865160848733744,17867,2,0
118.26,4,5,1,97.17419002448558,21.201916495550993,4542,4,0
9.12,19,0,0,55.24774583595123,46.00958247775496,1745,11,0
3.65,16,0,0,47.63082408350422,28.684462696783026,69,11,0
74.57,2,0,0,69.82626031874389,57.42915811088296,297,2,0
74.19,19,6,1,65.92067346536773,27.200547570157426,53,0,0
8.41,22,1,0,76.47083863312425,22.70773442847365,276896,9,1
152.72,15,6,1,48.87056991947097,31.523613963039015,151815,1,0
194.78,3,0,0,80.438907320782,48.23271731690623,413574,4,0
3.18,13,1,0,24.42692352113204,34.09445585215606,718,1,0
174.41,23,6,1,48.09592446402359,38.06160164271047,3684,0,0
52.67,13,5,1,82.90847376881004,42.70773442847365,19054,10,0
67.33,14,4,0,77.53572615658406,46.48049281314169,863,6,0
3.77,1,5,1,15.02479756222052,89.36892539356604,3263,9,0
43.85,23,3,0,92.11251097745753,35.17316906228611,3766,1,0
98.2,21,5,1,48.99603435692621,33.782340862423,1645,0,0
4.32,14,0,0,39.0041383263584,70.8309377138946,3699,5,0
28.84,7,1,0,64.15622031256386,47.77275838466804,1760,3,0
26.73,19,5,1,47.719513893149795,88.48459958932239,571,5,0
78.51,10,0,0,103.63622216114548,31.227926078028748,888,2,0
134.93,12,2,0,105.42434678482758,80.08761122518823,22305,7,0
124.5,13,6,1,45.93903456567147,29.366187542778917,3343,11,0
43.76,2,4,0,72.20942479769909,26.12183436002738,238602,4,0
78.49,10,0,0,82.78778986555959,32.799452429842574,32891,4,0
8.17,13,2,0,73.25659346394627,26.146475017111566,2691,12,0
71.13,0,2,0,103.39212048615452,52.58316221765914,5989,2,0
3.31,2,2,0,74.57593030816335,73.39630390143738,2290,11,0
112.11,0,5,1,90.55043414757203,53.281314168377826,2471,4,0
7.73,14,2,0,107.63781468625477,29.322381930184804,316665,1,0
62.46,14,0,0,45.09203608631194,75.54277891854893,914,7,0
3.73,15,0,0,69.39667448067476,68.9555099247091,1139,13,0
124.07,14,6,1,87.80438653822189,20.407939767282684,895,12,0
235.95,0,5,1,40.871090577650534,30.973305954825463,35371,4,0
8.8,15,4,0,58.81279978517139,29.169062286105408,722,10,0
5.75,14,0,0,95.29615282976151,19.912388774811774,895,1,0
1.51,2,1,0,108.10255775382237,61.18001368925393,937,8,0
1.61,11,3,0,36.69348836409304,37.49486652977413,23727,8,0
2.15,23,1,0,63.65799685180465,39.983572895277206,3395,13,0
1.99,16,4,0,61.905982138012426,46.17932922655715,1749,1,0
1.66,3,6,1,79.55723257108566,94.68309377138947,9784,9,0
5.46,23,5,1,37.88230691666811,85.26762491444217,12486,5,0
5.96,18,1,0,83.2528089350784,30.90485968514716,888,12,0
50.75,20,0,0,76.55420123399655,19.967145790554415,1312922,4,0
2.66,22,6,1,43.26290566361799,43.4113620807666,4074,11,0
123.64,17,6,1,45.4857083279596,21.83709787816564,4542,7,0
23.27,10,6,1,82.47975064550644,57.14715947980835,2092,8,0
90.95,13,1,0,67.30214077247447,32.45448323066393,242,7,0
4.85,22,3,0,67.58195844265131,34.54346338124572,19685,12,0
84.27,4,3,0,59.713847424233926,22.373716632443532,606,3,0
4.37,14,0,0,68.70753425808229,66.75701574264203,1263321,13,0
6.94,6,4,0,57.26622129064614,47.30732375085558,18408,8,0
51.66,6,1,0,114.07488358958287,38.469541409993155,124967,2,0
65.01,5,3,0,38.738281018475696,52.86789869952088,653,2,0
3.22,14,2,0,126.91839367098089,43.75085557837098,5548,11,0
9.62,19,1,0,57.11031605163203,46.68583162217659,18408,12,0
74.33,0,6,1,62.78802093992638,51.134839151266256,78968,4,0
29.57,2,1,0,105.5051649973064,33.74674880219028,2501,3,0
57.18,18,5,1,102.84676217179825,65.75770020533881,133,10,0
1.84,6,6,1,55.44685589991619,58.32443531827516,597,9,0
81.07,13,6,1,65.09504510771735,64.70636550308008,4677,1,0
23.27,14,0,0,91.2569296780767,49.34976043805612,45303,6,0
2.85,12,1,0,81.77319818923442,56.889801505817935,67082,10,0
74.32,4,2,0,94.05838584987839,30.576317590691307,530,3,0
17.46,17,0,0,118.50752426121609,18.598220396988363,4198,7,0
65.76,5,4,0,56.24419365548432,29.61259411362081,48194,2,0
74.9,4,6,1,57.675894009999475,18.21492128678987,92608,2,0
128.08,11,2,0,92.58857368189241,76.34770704996578,92106,4,0
32.21,14,6,1,62.170611686618166,25.609856262833677,391389,7,0
58.42,20,3,0,121.18696501731911,22.0041067761807,20478,4,0
25.04,23,0,0,105.05821119304976,77.28405201916496,2443,7,0
100.51,22,6,1,64.78029699296862,63.75085557837098,475,6,0
53.82,5,6,1,59.05468053914152,92.22724161533196,633,2,0
1.6,15,1,0,63.25071682042572,29.87542778918549,302,12,0
3.97,16,5,1,61.09188422595175,70.20670773442848,1970,13,0
9.38,18,5,1,57.94305777351088,34.57631759069131,6006,11,0
64.98,15,6,1,10.076404390789616,32.35318275154004,12335,7,0
1124.52,5,0,0,124.41810049110461,55.04722792607803,3032,12,0
9.14,20,0,0,61.76274323937262,77.02395619438741,864,10,0
84.38,20,1,0,64.76942432583263,51.63860369609856,1022298,1,0
14.04,19,6,1,59.6543023445961,89.79329226557152,3263,6,0
5.54,11,2,0,36.90138521543703,57.478439425051334,4172,9,0
5.08,9,4,0,26.673569174426532,84.62422997946612,1533,11,0
44.73,14,1,0,105.75103180357227,52.94729637234771,344,6,0
65.05,22,5,1,77.31681864711186,54.19301848049281,1791,7,0
98.29,7,0,0,79.64401898498403,68.96646132785763,276002,4,0
27.4,0,5,1,12.869804426848365,44.20260095824778,1690,9,0
33.67,12,3,0,62.9526386922256,66.64750171115674,1897,1,0
56.36,5,1,0,71.30074351968968,25.117043121149898,214703,3,0
68.66,21,4,0,84.01252599483875,32.12594113620808,2872,5,0
188.0,3,6,1,77.94785072197368,42.93223819301848,6120,4,0
1.09,16,0,0,130.3628360296422,14.264202600958248,267,11,0
79.72,19,0,0,126.22294850147775,31.813826146475016,2523,6,0
2.95,3,0,0,72.5290819742051,52.84873374401095,4913,0,0
328.3,2,5,1,85.4067235708915,58.88569472963724,626,4,1
5.38,10,0,0,99.99652069673809,82.51882272416154,2258,8,0
3.15,8,0,0,63.65254201903464,32.36413415468857,2872,9,0
54.74,0,5,1,87.47513935853065,57.65366187542779,5908,2,0
6.19,1,0,0,88.74634064905106,85.11978097193703,12486,0,0
77.69,19,5,1,56.831442533535494,46.69404517453799,123,6,0
7.94,20,0,0,49.682522392604945,42.99520876112252,313,13,0
101.86,3,4,0,46.77369238300783,32.6570841889117,737,11,0
12.57,6,3,0,46.68736308604122,35.7015742642026,24536,9,0
32.03,20,5,1,31.639796899381018,46.496919917864474,302,10,0
4.75,21,1,0,29.00529251471239,61.71663244353183,937,5,0
32.55,23,3,0,95.80527641526689,31.21971252566735,338,7,0
57.62,22,4,0,85.93428574339781,42.85557837097878,1645,1,0
58.48,13,1,0,82.8736448744635,52.81587953456537,680,1,0
17.19,17,0,0,94.03489623421382,60.01916495550992,478,10,0
111.66,18,3,0,88.93178632174178,28.621492128678987,4056,7,0
44.63,22,2,0,77.11531060344534,60.46269678302532,1271,7,0
35.11,15,6,1,88.28284621379369,52.31485284052019,641349,6,0
9.14,12,2,0,113.36198093453265,55.27720739219713,191096,10,0
86.55,1,4,0,32.8604506181104,40.42984257357974,341,11,0
143.34,0,0,0,65.39417100332311,58.130047912388775,2208,4,0
2.77,4,3,0,93.7794581282732,64.20260095824777,7430,12,0
27.79,21,6,1,111.4091033676494,23.696098562628336,3228,6,0
45.31,14,2,0,58.49559219116155,44.24914442162902,5548,5,0
54.84,19,4,0,53.12935483243988,33.385352498288846,1140,7,0
103.53,9,6,1,67.76666159867322,36.087611225188226,1166,4,0
87.61,0,3,0,56.23589006012062,61.06228610540725,37,2,0
87.6,22,2,0,70.26555008705185,70.26694045174538,1274,6,0
109.81,6,2,0,13.384489137783682,37.52224503764545,395,11,0
63.46,2,2,0,83.28868646944656,27.45516769336071,525713,3,0
92.61,6,4,0,78.75369833922187,55.945242984257355,9165,4,0
111.74,9,3,0,53.58043385681298,68.85694729637235,3805,4,0
88.83,17,6,1,64.772161926395,45.91101984941821,1745,10,0
8.36,0,5,1,87.59922563431016,67.08829568788501,1631,8,0
1.78,10,5,1,106.5707563924832,58.66392881587954,2799,9,0
84.18,18,3,0,41.46278195725939,56.61875427789185,9993,10,0
6.84,23,5,1,90.90331218975976,43.02258726899384,21902,13,0
2.6,21,5,1,91.42995794634888,47.493497604380565,255,1,0
55.69,12,4,0,81.95192693878309,52.05749486652977,92337,1,0
26.44,9,0,0,96.56523568289795,27.23066392881588,4575,9,0
1.32,17,0,0,73.54883835273623,27.994524298425734,69,9,0
25.9,12,2,0,88.38767751746057,47.331964407939765,255,10,0
6.63,14,2,0,88.2596044490368,46.48870636550308,2376,11,0
137.06,21,5,1,103.91088646819692,61.79876796714579,118,7,0
75.38,1,0,0,34.08385153502681,71.03080082135524,55345,2,0
27.72,20,6,1,107.54746037327878,54.80082135523614,804,0,0
80.2,15,3,0,31.31740349256574,39.96167008898015,1532,10,0
352.96,21,0,0,100.62106274720306,47.23613963039014,270712,11,0
124.19,8,5,1,55.35550302769138,39.493497604380565,1126,12,0
8.54,15,1,0,124.14816408249725,21.440109514031484,166081,13,0
196.71,16,6,1,59.63723112741811,34.32169746748802,19685,1,0
128.29,17,3,0,122.01465584459635,58.31074606433949,13422,7,0
8.51,23,0,0,37.53194171866524,22.028747433264886,3224,13,0
12.03,16,3,0,57.148229151526884,51.48254620123203,413574,10,0
35.53,4,5,1,67.30633460938697,64.07118412046543,76,11,0
2.46,15,3,0,130.27878161031873,33.74674880219028,409656,13,0
32.75,20,6,1,64.61897970703257,53.73579739904175,1925,0,0
81.79,13,2,0,57.91547379107135,53.927446954141,1420,7,0
33.84,10,0,0,91.75876654238263,36.824093086926766,1780,9,0
42.74,16,2,0,50.932773673894765,44.29295003422313,1804,7,0
67.29,8,6,1,110.96751125685518,63.06639288158795,35705,2,0
1.99,23,3,0,33.52475557441928,25.927446954141,238602,9,0
36.18,22,4,0,115.1775422350087,85.64818617385353,12486,6,0
83.32,8,0,0,72.51492519343257,39.728952772073924,5512,2,0
7.74,22,6,1,38.75419399048538,32.016427104722794,2872,12,0
286.98,18,6,1,139.76223502353477,25.648186173853524,238602,5,0
102.79,20,5,1,103.73179739911562,22.302532511978097,606,0,0
74.47,22,0,0,26.437860691257445,51.95345653661875,614,1,0
27.83,10,6,1,30.826145517988692,37.16632443531827,823,9,0
8.01,19,0,0,98.76355616423679,40.95277207392197,276002,7,0
110.35,13,5,1,82.29351324974573,46.61190965092403,302,12,0
53.86,12,3,0,99.1682357842969,81.20191649555099,376,6,0
1.03,1,6,1,101.9870542032958,46.34360027378508,105549,8,0
2.43,18,5,1,72.99631165050474,60.087611225188226,464,7,0
108.17,1,5,1,39.633505153193035,78.61738535249829,526,4,0
46.88,21,3,0,111.9599634283997,26.732375085557837,14742,6,0
78.26,5,0,0,82.41065834270357,67.49349760438056,736284,2,0
789.52,4,0,0,101.60386408053874,64.07118412046543,207,11,0
74.46,20,3,0,58.71217116856389,34.09445585215606,224256,7,0
3.28,21,6,1,83.05596163000855,60.506502395619435,308,1,0
62.38,20,6,1,71.829585823991,21.32785763175907,606,0,0
9.94,2,2,0,72.82618044016958,73.492128678987,2290,8,0
4.11,13,2,0,50.106798807027324,53.00479123887748,717255,6,0
131.66,16,5,1,107.76746779217241,57.11978097193703,103927,10,0
16.16,22,0,0,107.1201811303656,54.8145106091718,2317,0,0
58.15,10,6,1,84.27276578011664,66.97604380561259,1631,11,0
20.47,16,3,0,49.83606309784314,66.839151266256,1078,7,0
174.1,20,0,0,28.16478766630287,46.7460643394935,190178,6,0
74.15,2,6,1,109.46210924577032,45.05133470225873,1810,3,0
144.65,16,2,0,83.11615564318566,34.21492128678987,36438,0,0
42.45,5,6,1,45.4377071925023,57.83436002737851,370,0,0
38.23,9,4,0,49.75093650790995,44.80492813141684,824,9,0
49.23,3,3,0,57.14684553767433,47.526351813826146,2036,2,0
8.72,1,0,0,109.66751072608697,54.5845311430527,2317,8,0
5.89,13,0,0,99.91075126580809,47.121149897330596,922,12,0
102.33,15,1,0,116.82355854965364,31.12662559890486,4573,9,0
4.19,9,2,0,84.98995549826455,21.43189596167009,606,3,0
1.16,3,1,0,68.80856906989739,64.23545516769336,475,12,0
127.23,15,2,0,16.21148083189185,62.997946611909654,35705,6,0
84.17,23,4,0,35.781950993432154,32.251882272416154,242,7,0
20.81,22,5,1,59.85285689453329,46.130047912388775,5507,10,0
124.08,3,4,0,86.62191088806823,57.51403148528405,1762,4,0
8.97,19,6,1,77.94437600850321,31.252566735112936,606,1,0
96.69,15,2,0,106.46600912056941,41.544147843942504,16183,0,0
25.86,18,2,0,84.75333598863914,34.86379192334018,718,0,0
52.61,8,5,1,53.11596822556211,28.139630390143736,1654,3,0
57.7,18,4,0,89.53957513143845,24.61327857631759,93193,6,0
53.35,20,4,0,56.77369282919159,51.50444900752909,333497,6,0
27.3,20,0,0,37.25624868156424,69.01848049281314,331,5,0
109.74,4,5,1,57.790231996481815,38.51334702258727,241,4,0
780.58,19,6,1,102.10501583914498,31.329226557152634,606,12,0
14.92,12,3,0,10.659123982586014,21.084188911704313,3202,7,0
35.91,10,1,0,40.04917246632609,35.5564681724846,106,2,0
70.46,22,6,1,91.3857995286536,30.099931553730322,71463,1,0
1116.01,9,4,0,46.99192866233706,36.7501711156742,1574,8,0
49.29,4,0,0,56.741187631922806,43.60848733744011,1766,2,0
82.6,8,3,0,54.2672541941785,91.80287474332648,16305,1,0
89.34,23,2,0,81.36493380514631,27.20602327173169,4512,6,0
72.37,18,0,0,7.320680471987671,37.22108145106092,3684,6,0
16.44,14,6,1,90.10397403591168,57.817932922655714,1143,5,0
50.9,11,6,1,99.57904877874614,53.39356605065024,24645,0,0
4.29,18,4,0,89.93850537400867,35.657768651608485,328,12,0
46.28,2,6,1,36.409840894753444,64.64887063655031,76,2,0
65.96,6,0,0,34.07148562896219,53.21286789869952,4913,12,0
7.26,6,0,0,15.960126834442514,65.75222450376455,69793,0,0
92.47,7,5,1,32.54609156576801,41.37713894592745,310,4,0
29.16,15,3,0,38.83858972473192,35.48528405201917,106,5,0
58.45,10,4,0,62.62391495962715,51.630390143737166,156391,2,0
8.3,19,5,1,93.99930319158693,44.8104038329911,71485,11,0
39.06,10,0,0,88.9112275951698,51.77275838466804,5989,1,0
58.25,2,6,1,105.01943241374629,33.719370294318956,4680,2,0
2.55,9,6,1,95.86767238370251,60.917180013689254,4895,9,0
37.69,1,0,0,99.9279666224717,51.59753593429158,571,2,0
104.39,2,4,0,88.47992702868012,33.607118412046546,741,11,0
61.0,22,3,0,36.46576971074362,38.217659137577,13973,7,0
26.67,12,1,0,46.42436839712061,32.26283367556468,12335,7,0
7.81,23,2,0,85.5510034511975,45.91649555099247,381459,1,0
104.68,14,6,1,103.35778797414619,19.477070499657767,28425,0,0
42.73,11,5,1,82.33713067305834,46.63655030800821,863,2,0
70.32,8,1,0,13.00463682005214,90.75975359342915,19090,4,0
102.76,0,6,1,40.26466754388904,28.854209445585216,291,4,0
139.22,21,6,1,73.58105341206168,37.89733059548254,395,12,0
58.64,23,1,0,83.50757087567843,25.697467488021903,2395,1,0
280.24,12,0,0,119.4652211494266,34.91854893908282,19685,5,0
3.57,11,5,1,70.12669159167557,60.50924024640657,630,11,0
13.7,6,0,0,106.63172683150968,62.6694045174538,134056,9,0
4.04,21,0,0,108.3469396745276,35.49623545516769,1523,12,0
4.64,22,1,0,14.815873694015531,21.09514031485284,4542,11,0
17.09,20,6,1,71.12941755765769,49.51129363449692,67082,10,0
88.42,14,3,0,127.3553648266467,32.0082135523614,545147,7,0
2.19,1,3,0,63.34908929450893,63.75906913073238,1892,9,0
5.02,13,0,0,112.2568781944122,24.824093086926762,5719,13,0
6.75,12,3,0,100.15852594421312,24.45722108145106,372,12,0
29.16,4,5,1,79.45221154503986,19.772758384668034,3807,3,0
56.59,16,6,1,63.82304540027918,48.74469541409993,2526,6,0
5.53,21,0,0,99.51585643474716,22.223134839151268,972,1,0
43.2,11,0,0,51.91975079429927,42.06981519507187,28278,4,0
123.24,14,2,0,55.60851092031854,32.440793976728266,32891,9,0
82.69,11,5,1,73.21355357043326,56.36413415468857,67082,11,0
145.32,17,3,0,17.845658363572007,43.6331279945243,4074,0,0
11.67,14,2,0,68.3301643955714,62.012320328542096,828,1,0
155.75,22,2,0,122.18510235491073,45.47022587268994,105549,8,0
72.8,6,5,1,101.14296367726253,27.68788501026694,828,2,0
73.7,12,1,0,123.28154279937928,78.65023956194388,68211,7,0
31.91,13,0,0,105.49765933157788,25.697467488021903,15623,6,0
8.08,4,1,0,76.55769841442472,54.40657084188912,269,8,0
830.09,22,6,1,43.30135480228215,57.002053388090346,14267,8,1
60.3,13,5,1,28.776971507410227,31.644079397672826,477,0,0
5.73,3,0,0,71.8564491458473,64.64065708418892,1312,8,0
40.03,3,5,1,128.05498055880494,69.74674880219028,237282,0,0
70.76,5,0,0,44.01680218948126,38.80355920602327,2457,2,0
57.11,22,6,1,108.46062407755836,46.340862422997944,749635,7,0
13.18,23,5,1,85.63902666723583,15.121149897330595,2135,6,0
32.61,14,6,1,96.14243790743885,27.422313483915126,128354,12,0
35.53,14,0,0,84.46595414279632,35.794661190965094,2906700,1,0
243.88,14,6,1,44.66720824162155,43.94250513347023,1807,0,0
50.78,19,6,1,68.28356868696365,52.25462012320329,471,7,0
44.96,20,0,0,103.34856000156269,34.050650239561946,94014,11,0
14.63,20,6,1,109.94373208499044,48.818617385352496,46563,12,0
128.66,11,6,1,98.73980958266222,45.39082819986311,177,4,0
63.01,23,5,1,104.24892424605312,65.65913757700206,2148,0,0
52.35,21,5,1,59.268714335061205,40.54757015742642,341,7,0
8.21,18,0,0,8.817668468127575,34.12183436002738,409656,11,0
171.59,22,3,0,85.34955698238602,52.388774811772755,2435,5,0
37.96,8,2,0,104.21405530376772,26.06160164271047,30770,8,0
12.91,17,1,0,100.33070794312844,40.328542094455855,3395,9,0
67.22,11,0,0,59.84978882968766,61.28405201916495,4895,2,0
40.38,12,2,0,68.77493247015944,49.43463381245722,911,5,0
3.55,12,3,0,116.13071414771076,33.72758384668035,1679,1,0
200.92,11,5,1,82.10615741547991,32.12867898699521,545147,4,0
4.1,3,6,1,62.31588073168544,64.42436687200548,1126,8,0
18.24,17,5,1,104.8138127830556,60.6570841889117,308,7,0
1.01,13,5,1,55.62304452611563,92.00547570157427,3402,5,0
97.26,4,5,1,77.80304336368225,29.702943189596166,530,4,0
3.26,12,2,0,135.51591122596494,39.63586584531143,237282,7,0
44.46,20,6,1,81.13765812649,34.52977412731006,6951,10,0
70.91,1,6,1,61.912287923864056,34.338124572210816,1526206,3,0
5.34,15,6,1,111.60894884365437,21.609856262833677,3202,10,0
39.05,16,6,1,54.60093761226886,33.946611909650926,601723,10,0
49.59,14,6,1,63.944147970703284,32.544832306639286,95035,7,0
7.54,18,3,0,27.905589697592532,49.6290212183436,648,13,0
9.78,15,4,0,44.63958745577715,52.172484599589325,92337,13,0
81.81,11,5,1,75.86744738943212,50.24503764544832,23,11,0
11.35,20,6,1,75.52615573910587,25.867214236824093,1684,0,0
8.61,16,0,0,106.97574727093247,43.331964407939765,1643,12,0
147.21,4,6,1,94.42626934806302,79.19233401779603,61,4,0
90.05,2,0,0,43.96475586981505,45.790554414784395,5927,2,0
757.0,5,6,1,41.81184095765787,67.00068446269678,1078,9,0
39.18,21,1,0,79.5885333231177,40.01095140314853,6469,10,0
46.77,17,0,0,75.3205877196007,50.338124572210816,63,0,0
1.76,2,5,1,28.459903509823118,84.51745379876797,2916,8,0
134.51,1,6,1,92.37720202213997,36.602327173169066,328,4,0
10.9,22,3,0,120.79457618303448,48.580424366872,46563,11,0
183.0,10,5,1,83.13494446939139,93.48665297741273,798,9,0
64.19,20,6,1,34.5966940260513,42.20670773442848,16183,1,0
5.47,8,5,1,88.18827949061239,43.162217659137575,313,8,0
1.9,17,5,1,112.72693142891879,24.139630390143736,1595797,6,0
134.79,5,5,1,22.744910599168993,30.16563997262149,1102,12,0
11.05,21,0,0,65.28922293786924,46.80082135523614,765,8,0
3.74,23,2,0,131.2580863472464,38.13826146475017,13973,11,0
48.27,20,0,0,102.86292080458128,48.90075290896646,2526,6,0
48.01,12,0,0,75.63174549159059,36.24366872005476,106,0,0
14.89,12,6,1,96.15682744526825,22.428473648186174,3224,8,0
1.52,7,5,1,13.342575860768351,52.479123887748116,344,12,0
38.78,14,4,0,61.74358186736559,26.5160848733744,2691,10,0
9.95,1,0,0,97.4093499612288,62.83367556468173,11253,12,0
44.38,1,6,1,78.56315709120301,40.7419575633128,349,9,0
31.12,20,1,0,88.10272008210036,45.65639972621492,14871,5,0
6.31,21,5,1,17.898858348352086,47.455167693360714,255,10,0
73.24,6,0,0,88.64589754739995,60.290212183436005,198,2,0
8.07,14,3,0,92.83962609728728,40.988364134154686,1563,9,0
9.43,16,4,0,68.51317489904105,15.540041067761807,2135,1,0
1.39,12,5,1,102.85490959131994,46.71594798083505,5901,1,0
3.94,13,2,0,31.86743826745271,24.150581793292265,1595797,12,0
84.67,15,3,0,43.04759899326867,57.69472963723477,2158,10,0
72.18,12,6,1,34.753893621169276,49.555099247091036,1304,5,0
70.57,15,3,0,106.20779942679248,25.568788501026695,95,6,0
9.87,8,5,1,47.0514644144587,57.752224503764545,153,9,0
4.05,12,6,1,56.83034274136858,38.63655030800821,124967,11,0
94.92,11,3,0,26.591661593824494,26.962354551676935,53,11,0
96.76,23,1,0,16.33959181497506,56.0,171170,6,0
116.6,10,6,1,76.93490973282675,38.5242984257358,1577385,2,0
140.1,19,3,0,57.46454922782125,45.19644079397673,1810,0,0
3.82,13,6,1,51.97772813366152,15.813826146475018,2135,1,0
52.82,2,1,0,61.32058537791284,24.347707049965777,733,2,0
133.83,14,5,1,117.20350149408694,72.96919917864476,128,5,0
7.27,23,2,0,49.15843855955731,22.250513347022586,276896,12,0
204.35,16,1,0,112.0265126807783,48.29295003422313,34496,11,0
62.53,5,0,0,44.76016795116731,65.38535249828884,3223,4,0
84.91,2,2,0,106.84471508867661,67.24982888432581,736284,2,0
206.07,19,5,1,118.13357932424415,42.76522929500342,7155,0,0
8.19,20,1,0,107.22236959734944,47.43052703627652,771,9,0
29.74,18,6,1,92.92688529104758,38.60643394934976,21902,10,0
62.41,3,5,1,72.65934285831145,44.41067761806981,320420,2,0
2.91,19,0,0,79.64949581046803,32.087611225188226,647,5,0
1.87,17,6,1,111.03697593896037,27.019849418206707,128354,12,0
62.01,21,6,1,113.69075861966972,61.204654346338124,1196,10,0
71.74,22,0,0,32.334259738486764,46.940451745379875,1261,5,0
25.98,12,6,1,81.65964976067568,48.6652977412731,3833,9,0
33.72,16,6,1,46.768440917758866,31.477070499657767,7646,11,0
72.38,4,6,1,73.32952438612648,50.80355920602327,10256,4,0
132.06,16,0,0,110.62770392042111,48.61327857631759,2526,0,0
7.59,6,2,0,50.09955447296846,47.83846680355921,213,8,0
3.76,13,0,0,110.12026295680239,17.60438056125941,92608,1,0
46.43,1,6,1,56.738770518082724,42.639288158795345,513,2,0
7.44,22,0,0,109.2358253552837,47.14305270362765,725,1,0
57.05,16,1,0,91.615654874464,32.45448323066393,242,5,0
57.75,8,0,0,103.18305822604307,62.639288158795345,75903,11,0
615.89,18,2,0,68.75771548566874,35.9917864476386,50489,12,0
34.59,2,3,0,35.25682115369606,80.12320328542094,61,2,0
116.38,7,6,1,60.467172436756115,44.0,9815,4,0
201.24,11,0,0,53.790994922654846,56.7501711156742,222,4,0
79.52,2,4,0,55.60170906221128,42.02327173169062,33917,2,0
23.48,9,4,0,103.82093853658817,57.03764544832307,5908,0,0
233.66,3,6,1,48.14500292757079,42.38466803559206,4090,4,0
33.09,17,0,0,97.71048367300169,64.17796030116358,1126,7,0
131.4,7,2,0,83.91903078585743,37.49486652977413,1571,12,0
121.02,13,5,1,80.82958641864033,42.07529089664613,7155,10,0
175.04,3,6,1,78.99104465961987,38.053388090349074,13973,4,0
48.4,0,6,1,76.95959186305215,23.49349760438056,2607,2,0
46.64,20,4,0,89.61282840826728,64.76386036960986,3223,6,0
65.57,2,5,1,42.42032114755372,53.503080082135526,1383,2,0
89.87,17,4,0,123.75508266703713,32.25462012320329,32891,6,0
239.06,12,6,1,92.49654252829927,38.92128678986995,5512,5,0
53.88,20,0,0,102.44024691126124,50.26694045174538,663,6,0
59.93,22,1,0,90.3289228842968,22.458590006844627,20478,10,0
26.97,12,1,0,52.281049313793936,29.319644079397673,302,7,0
127.36,21,1,0,59.913630263246276,46.69952087611225,743,1,0
130.53,7,0,0,72.47030545049296,34.7378507871321,2263,4,0
53.64,21,6,1,57.675048384170886,20.076659822039698,2504700,1,0
43.54,3,4,0,73.8469251658798,49.27310061601643,46563,3,0
43.95,11,0,0,37.50006211622762,42.600958247775495,346,2,0
9.19,20,3,0,107.6735228383274,57.09514031485284,153,7,0
193.04,18,2,0,131.4539275973796,30.48870636550308,7646,6,0
13.88,12,6,1,74.47971759722168,41.946611909650926,11250,7,0
80.62,2,1,0,106.85069361312979,46.19849418206708,302,2,0
8.03,13,0,0,110.32814819582902,44.23545516769336,241,8,0
107.71,19,2,0,50.09198506568833,57.89733059548254,153,7,0
1.36,23,6,1,100.33946669481205,22.11088295687885,4653,8,0
58.28,16,3,0,80.81142997119902,39.58658453114305,134056,5,0
15.63,6,0,0,124.30676165127292,52.19712525667351,142,8,0
56.47,9,6,1,80.80148117449417,23.89596167008898,2607,3,0
56.18,0,5,1,56.51017948144556,43.4798083504449,513,2,0
35.28,23,4,0,115.71740604793536,20.27652292950034,2870,1,0
133.98,13,6,1,66.82279641898953,31.24435318275154,35371,0,0
3.26,9,0,0,116.484033257804,64.77754962354551,4778,12,0
20.9,20,5,1,47.198693923673126,33.01026694045174,27020,0,0
71.04,23,5,1,113.65031337518253,15.89596167008898,1512,5,0
27.61,13,5,1,86.27348833520134,34.27789185489391,718,1,0
191.68,21,5,1,106.49272950021438,46.573579739904176,54287,12,0
110.04,11,6,1,16.91754337538549,63.26899383983573,1892,4,0
2.78,17,0,0,33.94296832595993,37.568788501026695,1577385,11,0
3.9,22,2,0,114.43598079343141,43.89596167008898,1595797,0,0
7.15,15,3,0,100.11214436016247,45.229295003422315,1725,11,0
75.78,7,1,0,112.59170555400551,24.8186173853525,71335,4,0
4.93,13,3,0,53.016981296749165,25.57700205338809,2456,7,0
2.28,15,6,1,68.13633613558062,38.2943189596167,1577385,11,0
69.33,15,5,1,105.19517124271589,41.35523613963039,1446,0,0
46.24,1,6,1,46.78914500275419,68.78576317590691,47,2,0
28.79,16,0,0,15.370295355109247,55.14305270362765,3032,7,0
158.55,16,3,0,77.72559206508933,65.8754277891855,69793,10,0
28.88,18,5,1,45.284935873216504,30.23134839151266,71463,7,0
1.09,11,0,0,83.52884141469052,70.88843258042436,4993,0,0
71.37,2,3,0,2.6302782674597087,59.709787816563995,1263321,4,0
3.85,0,3,0,67.22570895340844,25.691991786447637,2456,8,0
68.75,11,4,0,21.22289708099518,29.51129363449692,140,2,0
65.15,17,3,0,126.04025638833359,49.30047912388775,45303,7,0
18.22,20,4,0,46.706706475335984,54.261464750171115,4664,6,0
3.19,15,4,0,121.25452671911086,18.094455852156056,92608,12,0
3.87,15,5,1,95.12891813195435,36.407939767282684,328,11,0
92.96,3,6,1,113.2307234160949,58.261464750171115,2208,2,0
115.42,9,6,1,67.16752626135023,48.06023271731691,213,4,0
46.37,4,2,0,61.61608574486817,44.394250513347025,241,2,0
60.69,22,0,0,105.65331909828843,38.61190965092403,1536,7,0
41.71,10,6,1,122.50430187314579,56.55578370978782,269,2,0
3.0,19,1,0,117.31545085406545,28.57221081451061,69,9,0
37.49,7,5,1,108.48701137439177,43.02258726899384,1595797,4,0
264.1,20,3,0,49.447604692410856,47.41683778234086,270712,0,0
22.66,17,5,1,64.70957255596237,21.639972621492127,10295,1,0
7.9,3,0,0,65.565322249492,25.429158110882955,1684,8,0
35.51,18,5,1,102.96262780183699,28.125941136208077,33804,0,0
5.63,0,1,0,70.62874293765663,62.351813826146476,260,11,0
72.07,16,2,0,79.69951226410961,52.596851471594796,653,5,0
734.86,20,4,0,104.65526992053937,48.33401779603012,753116,11,0
112.31,21,0,0,50.5634995674277,43.813826146475016,910148,1,0
3.88,2,5,1,40.847086019999125,48.84599589322382,601723,9,0
1.78,23,0,0,16.607518491900166,55.97809719370294,8097,10,0
131.54,1,4,0,55.46690968629382,50.98973305954826,1666,11,0
15.95,22,2,0,24.244712893241473,39.238877481177276,134056,5,0
143.67,19,1,0,106.01000981320036,83.38398357289527,15426,7,0
21.44,17,4,0,124.24376403618253,50.41478439425051,23,1,0
17.35,12,6,1,74.59546249463124,49.47296372347707,67082,5,0
48.52,17,5,1,63.245639082579785,53.17453798767967,47772,6,0
9.25,4,1,0,118.46454734339737,79.20876112251882,8007,9,0
1.96,16,0,0,70.33150155665433,42.14647501711157,33917,12,0
27.36,17,2,0,6.082545350850226,38.091718001368925,1577385,7,0
58.87,14,0,0,129.31360918144958,30.324435318275153,632,7,0
73.62,10,6,1,32.48502543611218,39.27173169062286,47249,2,0
27.56,11,2,0,63.306733561258355,79.08829568788501,493,8,0
1.98,22,1,0,69.21594219901498,24.035592060232716,34153,11,0
72.99,7,2,0,72.50775196129263,63.51266255989049,263,2,0
9.86,21,5,1,7.515393641633345,15.049965776865161,163415,9,0
38.96,6,6,1,107.07666273755875,71.57837097878166,463,2,0
21.91,16,4,0,38.95411056195694,29.256673511293634,4056,5,0
11.56,22,0,0,83.67017768609588,70.02053388090349,776,0,0
34.24,8,0,0,133.05604572846497,70.3107460643395,13717,9,0
50.59,5,1,0,98.70384518243593,87.38124572210815,397,2,0
3.88,21,4,0,89.5212247794998,67.66324435318275,1925,6,0
64.87,14,6,1,85.59812496450267,53.20191649555099,233717,1,0
54.77,7,2,0,30.830833044271518,43.22518822724162,1595797,4,0
3.62,19,6,1,74.44469142494005,33.05681040383299,1645,1,0
46.08,20,0,0,57.27747770978715,15.241615331964407,460,5,0
253.88,16,5,1,101.29818660776394,43.945242984257355,4074,9,0
78.66,17,3,0,92.14593747945263,48.6570841889117,1412,6,0
6.41,19,3,0,99.03673819940815,35.93976728268309,186140,12,0
59.58,20,6,1,76.00608859390086,40.876112251882276,349,1,0
2.4,18,0,0,117.90713447262587,45.1937029431896,14871,12,0
102.71,6,1,0,87.00813871015042,34.392881587953454,79008,4,0
55.46,0,0,0,35.02821537894312,48.81587953456537,551,2,0
73.95,14,3,0,75.67272263183939,30.04517453798768,632,5,0
21.41,1,3,0,64.90671540574063,42.53251197809719,3996,8,0
45.31,16,3,0,58.28415769716317,34.362765229295,1493,6,0
30.97,8,4,0,43.76235426805424,27.630390143737166,520,3,0
74.36,5,0,0,60.93543235271542,30.428473648186174,1847,2,0
25.97,6,4,0,105.42949808116879,30.365503080082135,341043,4,0
52.78,18,5,1,121.55465415293219,50.95140314852841,413574,10,0
47.61,9,1,0,64.89046832944359,66.02327173169063,969,2,0
32.34,6,1,0,63.09637720479794,29.70841889117043,4056,9,0
22.1,13,3,0,102.40341112715264,24.39425051334702,214703,7,0
8.36,20,1,0,95.25686031748533,33.38809034907597,1645,11,0
73.95,23,2,0,71.00120073633525,31.255304585900067,885,5,0
30.27,20,2,0,24.859246683570927,32.49555099247091,95035,1,0
11.02,19,6,1,85.49008769733568,55.90691307323751,176,5,0
70.78,7,6,1,63.33474382644831,34.71047227926078,85,4,0
11.12,23,0,0,78.1411195525687,25.639972621492127,71335,9,0
99.33,6,5,1,84.159867070895,51.983572895277206,471,4,0
220.66,5,0,0,102.29742359948487,34.888432580424364,144160,4,0
126.21,10,4,0,110.58647753499866,53.61533196440794,1925,4,0
34.62,18,0,0,110.04287969072888,40.64065708418891,6469,6,0
69.05,16,0,0,55.12903428157049,30.48870636550308,341043,6,0
841.98,23,0,0,74.4966098566374,74.69130732375086,1165,12,1
5.96,16,0,0,65.82787803737948,38.600958247775495,5848,11,0
68.05,14,0,0,52.92393177910929,42.40109514031485,16183,11,0
2.72,7,0,0,76.05125585365775,57.31416837782341,4367,9,0
1132.89,17,1,0,13.848888774848515,43.21697467488022,346,12,0
6.64,14,4,0,66.26759724830258,47.83846680355921,4015,7,0
28.08,13,5,1,126.05039406758708,64.22724161533196,475,6,0
6.06,18,3,0,86.54193072833885,44.87063655030801,1810,9,0
55.84,17,2,0,57.99341420896127,27.09924709103354,126,1,0
74.08,22,4,0,89.52696098653605,46.614647501711154,631,6,0
3.63,14,5,1,84.0777594010984,60.33949349760438,5791,6,0
45.92,15,4,0,66.00784653591077,34.27789185489391,12349,5,0
13.01,12,0,0,63.68258833931792,61.30321697467488,1196,6,0
124.14,6,1,0,100.55004467342103,49.322381930184804,190,4,0
49.81,21,6,1,70.74190091488167,64.55852156057495,350,5,0
8.55,2,0,0,24.227073631888267,53.831622176591374,47772,0,0
3.82,22,6,1,98.61798987868998,34.836413415468854,718,12,0
7.19,20,6,1,39.46675189609167,28.438056125941138,3730,13,0
78.48,9,0,0,131.32946734194672,49.637234770705,45303,2,0
2.36,22,5,1,89.13663817615074,33.804243668720055,824,5,0
72.69,16,5,1,115.93307250038633,37.275838466803556,782,6,0
96.46,20,5,1,25.530670476051625,14.565366187542779,267,11,0
11.27,7,6,1,88.3692621838479,78.10540725530458,36784,12,0
117.46,6,2,0,23.621734856664332,35.15674195756331,1523,4,0
33.01,2,0,0,37.65655831537974,43.76454483230664,1645,9,0
194.55,12,0,0,83.10561960688888,70.652977412731,1970,10,0
192.35,3,1,0,126.09933798576748,27.006160164271048,128354,4,0
21.6,14,5,1,71.28026177135887,30.067077344284737,530,0,0
3.02,19,6,1,99.89731590900288,73.32785763175907,450,13,0
217.94,5,0,0,49.785753995246615,63.564681724846,263,11,0
38.29,3,4,0,91.79687699464202,42.110882956878854,4090,3,0
9.37,17,6,1,99.48202324304205,52.271047227926076,1514,5,0
6.38,17,4,0,92.8881888989237,32.13141683778234,1530,11,0
85.01,22,0,0,72.43748383333549,25.078713210130047,5341,0,0
71.69,0,0,0,91.02761810249602,56.38603696098563,1087,2,0
75.79,15,5,1,107.91805907501296,40.6735112936345,198,6,0
106.48,12,4,0,55.175179191220856,60.11772758384668,214518,7,0
42.11,14,0,0,56.77272532367391,74.12183436002738,4005,10,0
83.12,10,6,1,125.9063448677685,67.3949349760438,254,2,0
218.2,0,3,0,72.50305011353704,33.36892539356605,105638,4,0
4.03,14,3,0,138.15450557857937,69.30047912388775,237282,13,0
15.0,17,3,0,42.30899288864645,61.95756331279945,828,0,0
105.62,3,4,0,2.536418610398249,28.254620123203285,1228,2,0
41.8,0,3,0,29.066101688577866,31.482546201232033,54767,2,0
1.02,16,6,1,81.45247729712172,15.780971937029431,817312,1,0
126.11,18,2,0,80.7126700872535,19.43600273785079,111,1,0
185.57,11,0,0,75.3290748678612,47.4113620807666,5901,8,0
4.51,12,3,0,106.52623229906052,44.95277207392197,241,9,0
60.3,14,1,0,20.023916622914548,27.50718685831622,520,10,0
55.53,13,0,0,92.03113099562519,47.08555783709788,5901,5,0
49.69,6,6,1,8.438406393614427,28.944558521560573,1382480,2,0
30.98,23,0,0,74.59032853133891,60.38329911019849,1241364,6,0
47.81,19,4,0,73.72415572667174,37.78781656399726,49,7,0
57.02,8,0,0,113.25176518476196,24.243668720054757,2607,2,0
75.01,13,6,1,101.53614052624081,24.27104722792608,1770,0,0
86.2,8,6,1,15.110994495307871,52.63244353182751,5989,0,0
2.87,13,6,1,80.81794199907364,54.85284052019165,3032,6,0
56.16,9,4,0,77.36136545236864,37.91375770020534,965,3,0
192.65,6,6,1,63.29548138626232,30.42299794661191,7646,9,0
63.69,13,6,1,89.24090091187936,19.50444900752909,111,5,0
51.72,4,4,0,119.0578154500539,29.585215605749486,1228,3,0
125.9,23,3,0,104.732638063314,60.29568788501027,1241364,7,0
24.11,12,0,0,26.18461384114472,48.16974674880219,255,1,0
2.99,13,1,0,102.76818153287972,42.23134839151266,10076,13,0
85.4,8,5,1,27.31773631114745,35.676933607118414,207410,4,0
2.03,14,5,1,128.10118787213003,65.01300479123887,695,13,0
1.26,10,1,0,11.972903895181547,50.97604380561259,92985,0,0
12.25,22,5,1,120.54095038251997,32.139630390143736,95035,5,0
8.99,14,2,0,91.86146430570138,25.83436002737851,4354,5,0
48.24,22,2,0,89.63369800103145,65.79603011635866,69793,10,0
91.01,10,3,0,118.56915458740515,82.79260780287474,3994,11,0
182.89,18,1,0,113.09098561112556,22.302532511978097,1075,8,0
68.88,2,0,0,114.94202588067891,63.43874058863792,207,2,0
114.15,16,4,0,51.69401473828007,32.342231348391515,1530,0,0
561.6,19,0,0,82.67936107739837,44.772073921971256,1841,13,0
6.02,17,5,1,116.16668806215476,27.33196440793977,5875,11,0
53.88,7,5,1,112.461626079676,68.83504449007529,1139,2,0
146.27,19,5,1,94.36254237259227,23.02258726899384,847,9,0
66.76,4,3,0,81.1735314376274,36.78850102669404,1571,2,0
115.76,16,6,1,57.752245821662434,73.98220396988364,2290,6,0
129.31,23,4,0,129.3551324080416,61.59890485968515,1758,5,0
134.14,5,5,1,88.15852072250739,38.32443531827516,295,8,0
9.54,22,6,1,34.595204238360665,28.89801505817933,4056,12,0
18.0,22,5,1,33.45500073661785,51.20328542094456,1666,7,0
102.39,18,4,0,92.69270597851451,43.79739904175222,1263321,1,0
7.36,14,1,0,83.59407170330635,46.16016427104723,302,11,0
5.65,21,6,1,131.73132085738396,32.2135523613963,3688,13,0
29.41,18,4,0,80.36340409787978,47.93976728268309,1089,12,0
94.29,4,5,1,78.88163224759386,25.919233401779604,970,11,0
68.81,18,6,1,121.50335326573548,47.25530458590007,725,6,0
86.37,17,5,1,50.8941998710491,35.27173169062286,50489,7,0
8.22,20,1,0,38.41719658579797,47.68514715947981,765,10,0
123.46,3,0,0,30.240260943260296,60.89801505817933,1271,4,0
244.21,11,4,0,31.984761789714838,62.18480492813142,1577385,0,0
21.01,21,3,0,107.37663007787597,87.1047227926078,84861,6,0
32.49,12,5,1,127.8927974455851,31.362080766598222,3495,10,0
54.87,13,4,0,118.55200385967125,25.95756331279945,15623,5,0
27.63,21,2,0,115.84598666987976,16.61601642710472,1512,9,0
124.27,7,3,0,124.44720464952712,26.754277891854894,608,4,0
113.22,5,4,0,78.51794158642129,47.53730321697468,271,4,0
37.45,7,4,0,37.471413665425516,56.19438740588638,2078,2,0
33.12,9,3,0,85.34560778213154,19.904175222450377,136,3,0
60.56,15,6,1,119.70719688733844,54.458590006844624,4664,6,0
79.67,1,6,1,92.64504703111011,59.969883641341546,927396,4,0
43.98,22,3,0,78.32556586493367,69.05954825462013,1139,1,0
52.64,18,0,0,8.032396007417704,46.91854893908282,343,5,0
2.23,15,3,0,69.95007650537583,39.24435318275154,47249,9,0
59.88,7,3,0,101.43304630348975,77.19370294318959,60,2,0
6.45,23,6,1,22.707916479056188,20.648870636550306,166081,13,0
11.37,7,6,1,72.43843827605004,46.97056810403833,765,8,0
6.38,15,5,1,94.2161769243729,34.12183436002738,94014,13,0
63.14,13,6,1,46.62623448753732,24.309377138945926,5341,10,0
80.89,7,0,0,80.68111998372189,44.446269678302535,18182,2,0
61.1,0,3,0,68.23143003944944,47.644079397672826,743,2,0
68.55,16,4,0,76.22120601066268,27.307323750855577,525713,0,0
46.1,3,5,1,59.451356278038745,20.39425051334702,2870,2,0
37.27,15,0,0,91.4690144108699,93.2457221081451,2856,7,0
1.35,20,2,0,109.36535718120496,21.83983572895277,2408,11,0
44.05,23,5,1,3.8912090046850443,60.69267624914442,1131,0,0
61.31,5,0,0,65.84204211946462,61.53319644079398,37,2,0
9.19,17,2,0,101.32547555097794,21.815195071868583,230,13,0
17.76,13,5,1,98.505006579644,46.90759753593429,271,6,0
219.79,2,0,0,69.93120229245451,42.59822039698837,4090,4,0
131.24,15,0,0,79.34880550727247,48.41889117043121,5950,12,0
4.78,14,1,0,46.00096512829458,43.21697467488022,324,1,0
69.42,9,6,1,103.79068016918947,39.08008213552361,47249,2,0
49.69,13,5,1,77.52761612309457,22.45037645448323,20478,6,0
2.79,20,0,0,70.1444913098154,47.356605065023956,765,11,0
83.96,11,4,0,88.99797802803891,24.917180013689254,5341,2,0
3.78,14,6,1,104.58414084442245,63.43326488706366,14783,5,0
125.78,22,0,0,70.40430243045382,36.82683093771389,1442,12,0
42.93,10,1,0,54.48251905295546,68.63244353182752,104396,2,0
32.33,21,0,0,98.0241496821444,40.86242299794661,5760,7,0
6.65,18,5,1,101.08024986147807,57.06228610540725,153,13,0
123.06,2,2,0,72.86131033061498,64.14236824093086,7430,1,0
20.68,8,1,0,133.74265076188286,61.35523613963039,308,12,0
15.1,15,6,1,85.91670131013927,46.75427789185489,11256,12,0
544.84,19,3,0,24.156317105422197,41.07597535934291,1988,13,0
178.74,2,1,0,30.9254761306179,42.247775496235455,6120,4,0
69.63,11,5,1,15.598439772343538,39.28815879534565,493806,4,0
24.94,21,4,0,21.86361922347632,47.05544147843943,922,6,0
81.18,21,4,0,74.23908623567522,39.49623545516769,493806,10,0
30.02,23,0,0,41.66833856867186,35.32922655715264,6006,6,0
102.65,5,2,0,97.32763627408971,42.954140999315534,513,4,0
86.91,4,2,0,77.7988902538158,39.81108829568789,757530,2,0
193.54,7,3,0,96.70399510862195,35.997262149212865,21134,4,0
9.78,18,0,0,72.11434367196311,29.845311430527037,533,9,0
2.39,0,4,0,116.81026499623758,62.72689938398357,75903,11,0
33.4,16,0,0,18.99630918197049,26.253251197809718,42384,7,0
383.88,4,3,0,65.66061049037114,25.631759069130734,2691,9,0
6.73,19,0,0,98.05239915385708,69.12799452429843,43102,5,0
52.84,8,1,0,131.32177056493427,33.451060917180016,760,2,0
9.58,6,3,0,121.00147467628508,55.51266255989049,2054,12,0
8.94,6,6,1,67.60711333063738,54.48049281314169,5438,9,0
2.1,22,0,0,73.70994937605737,34.35455167693361,1493,12,0
26.14,18,3,0,75.13159270595524,56.54757015742642,222,6,0
116.79,5,3,0,29.901773989801743,57.894592744695416,4154,4,0
1.74,7,4,0,84.49362161808402,54.62286105407255,96942,9,0
68.37,4,4,0,74.79216868379861,37.83436002737851,395,2,0
43.1,17,1,0,63.42593232984292,49.13347022587269,2526,6,0
7.59,20,4,0,94.41276373710913,24.985626283367555,2456,11,0
7.96,12,6,1,61.43852885358783,32.26557152635181,1334,11,0
127.31,12,5,1,9.361575656273816,22.26420260095825,606,1,0
187.96,5,3,0,52.62128415866635,62.55715263518138,1426,4,0
79.67,14,6,1,51.46677876167011,33.39082819986311,99,0,0
9.11,11,0,0,95.88960886977978,53.05133470225873,24645,12,0
49.96,0,0,0,36.47832803348725,77.1690622861054,46944,1,0
119.78,7,5,1,105.1691907324801,43.148528405201915,2054,8,0
8.39,18,3,0,31.022378674769612,51.657768651608485,248,7,0
23.13,17,0,0,84.53501273931947,56.53388090349076,171170,5,0
128.97,14,3,0,69.96626399565879,24.035592060232716,218,8,0
3.39,16,2,0,93.24640685718344,43.80835044490075,5548,12,0
2.35,3,1,0,115.59418363502519,39.81108829568789,134056,8,0
96.94,11,0,0,92.6176191166268,64.26009582477755,14783,4,0
61.0,22,0,0,60.73530028255039,30.16563997262149,2368,10,0
70.47,10,3,0,79.9834577402014,50.795345653661876,1666,2,0
46.75,14,3,0,104.78118410089834,91.02258726899385,1063,5,0
140.18,8,6,1,98.24256371806429,64.03011635865845,355,4,0
3.97,19,3,0,97.56724544371424,35.715263518138265,116155,13,0
1.35,15,3,0,40.70542278657853,71.37303216974675,1190,6,0
13.34,16,6,1,38.05865808785764,43.676933607118414,5895,0,0
3.25,20,1,0,110.81067134605567,23.685147159479808,218,11,0
8.84,0,5,1,47.274575314658186,55.728952772073924,1087,8,0
78.5,22,0,0,113.19270989652333,28.019164955509925,828,0,0
5.72,21,0,0,84.24097719066431,46.85284052019165,922,12,0
149.55,22,5,1,140.09456592563353,28.851471594798085,18128,11,0
4.49,19,6,1,79.22950177093911,27.085557837097877,123373,11,0
4.19,6,3,0,120.68803035122933,91.88501026694045,3402,12,0
27.35,7,3,0,76.17648381964594,45.880903490759756,381459,3,0
182.93,22,2,0,102.37909506583475,31.29637234770705,2872,0,0
11.03,12,6,1,75.47541991518932,31.638603696098563,151815,12,0
335.14,1,0,0,89.41262854937385,38.48596851471595,5848,8,0
60.82,21,2,0,82.08325446711967,70.93223819301848,4993,6,0
1.88,18,0,0,123.2833152218067,47.73990417522245,2401,6,0
76.18,20,1,0,79.95786505623272,37.11430527036276,1780,6,0
50.37,16,5,1,89.79889207511445,55.728952772073924,2054,7,0
50.46,16,0,0,112.42470767560847,53.69472963723477,4664,7,0
2.16,5,0,0,11.314812276544627,69.61806981519507,1970,9,0
18.28,17,6,1,84.88427716944156,25.973990417522245,238602,6,0
77.91,16,4,0,68.92192163338851,14.740588637919233,163415,7,0
76.1,10,5,1,79.80702453687468,50.757015742642025,92985,1,0
27.66,21,3,0,48.14727275942222,43.148528405201915,513,6,0
175.65,22,3,0,93.65346269774281,30.84188911704312,606,1,0
57.86,10,2,0,121.2296872301249,53.648186173853524,1925,2,0
69.78,14,2,0,78.3738753629906,43.19507186858316,4474,6,0
51.59,4,6,1,105.88093757853095,57.724845995893226,13422,2,0
63.19,13,5,1,106.14205169402295,41.57973990417522,1988,1,0
64.33,13,2,0,74.19385816128641,36.21081451060917,229,1,0
59.73,8,6,1,40.26780193379053,35.54277891854894,540,3,0
70.45,19,0,0,132.0580467154079,30.767967145790553,35371,6,0
13.75,15,3,0,102.59187884004635,31.15126625598905,4573,0,0
41.04,18,0,0,79.24776310378019,42.66392881587954,1051,6,0
121.56,16,0,0,50.052293441658996,38.351813826146476,3104,7,0
345.86,4,6,1,44.672748612104904,49.111567419575636,34496,9,0
330.82,2,5,1,98.5059863870858,66.47775496235455,9506,4,1
5.13,21,2,0,93.33180442055775,46.573579739904176,55581,1,0
54.28,21,4,0,40.75510439842556,32.26283367556468,832,7,0
23.23,19,4,0,90.20628190373913,36.75838466803559,172817,7,0
99.29,23,4,0,66.53583093387064,32.29568788501027,46,7,0
143.37,15,4,0,73.97588759290808,31.68788501026694,12747,12,0
2.83,18,4,0,71.20955031302375,22.154688569472963,10295,10,0
33.12,7,3,0,99.15001586065794,28.16974674880219,107941,3,0
209.91,10,3,0,19.1219746837588,35.38124572210815,27971,4,0
1133.01,15,1,0,31.923206678516173,32.74469541409993,1679,8,0
3.65,17,0,0,101.54904694305623,39.67419575633128,134056,12,0
54.51,12,2,0,133.38924873875993,37.66461327857632,4729,6,0
111.37,12,6,1,125.80381352551359,34.770704996577685,144160,1,0
4.46,14,0,0,74.79222863372704,28.83230663928816,722,6,0
4.59,15,6,1,64.30236438439718,25.99315537303217,14742,12,0
13.96,23,6,1,49.96327217959866,66.00410677618069,1831,0,0
123.66,13,2,0,95.60434980947505,23.994524298425734,724,10,0
55.81,16,0,0,22.812877308682623,34.40109514031485,19685,7,0
43.9,3,6,1,39.87537210379518,62.44216290212184,489,2,0
258.1,6,0,0,62.09817898197388,48.39972621492129,46563,8,0
101.85,7,0,0,110.45465741750529,60.616016427104725,23045,2,0
15.22,7,0,0,62.600160180002256,51.121149897330596,156391,0,0
60.24,21,0,0,49.094770511585715,48.303901437371664,753116,10,0
72.95,9,3,0,73.66031581016057,40.67898699520876,321,2,0
36.07,17,4,0,100.19957376615938,34.587268993839835,2906700,0,0
66.41,16,0,0,108.08994603446847,53.79603011635866,1925,6,0
59.47,14,2,0,58.83045773572528,63.84394250513347,532,6,0
41.37,18,6,1,91.38032202361724,40.86789869952088,6469,7,0
56.65,23,0,0,65.6220946535139,35.2498288843258,3451,9,0
223.77,15,3,0,53.56095253404202,16.281998631074607,5666,6,0
43.13,22,3,0,93.11341788346213,43.70704996577687,910148,7,0
62.54,5,2,0,60.11493198699385,25.730321697467488,19408,2,0
3.81,10,2,0,57.60892268320303,83.72895277207392,31970,9,0
3.67,7,0,0,97.57984465585781,55.14305270362765,192,12,0
502.66,8,2,0,47.15026713240354,53.59342915811088,99,11,0
33.64,15,2,0,70.71054387793644,36.394250513347025,2906700,6,0
3.33,12,0,0,92.11103786048025,47.219712525667354,725,11,0
4.81,20,4,0,98.34867942922523,49.34428473648186,911,13,0
6.12,19,4,0,58.468867155680805,65.82067077344284,69793,5,0
490.24,2,4,0,108.38742881191267,73.47296372347706,184,8,0
134.67,3,5,1,31.89335411540944,42.997946611909654,346,4,0
85.91,20,1,0,58.95367100742898,27.512662559890487,107941,0,0
2.47,23,6,1,52.810279634060315,43.474332648870636,5548,12,0
10.74,15,0,0,65.85868656004044,47.30732375085558,54287,1,0
89.24,20,1,0,33.88101510624511,30.86652977412731,35371,7,0
100.97,18,5,1,89.07456322549785,30.976043805612594,338,6,0
24.2,14,0,0,109.79716932796102,48.101300479123886,1089,1,0
12.05,18,0,0,74.42235978691237,60.21629021218344,4049,6,0
70.16,14,5,1,121.01068569734574,45.40999315537303,1745,5,0
7.38,18,3,0,80.80992370935878,59.10746064339494,205,6,0
69.91,14,5,1,98.69656185457438,15.704312114989733,1512,0,0
117.0,1,2,0,117.5651898958088,47.559206023271734,454,4,0
58.06,17,2,0,17.28860448185028,40.82683093771389,349,1,0
3.28,19,5,1,76.97556952991253,19.42778918548939,28739,9,0
118.1,2,1,0,86.69618231661148,32.82135523613963,601723,2,0
147.07,8,3,0,92.99735095381325,84.2984257357974,1461,4,0
9.13,19,0,0,64.27236917840469,19.184120465434635,28739,8,0
6.62,19,4,0,64.2104216225639,32.58316221765914,2211,12,0
28.71,20,6,1,62.59122410881671,58.16016427104723,1132,5,0
86.51,9,6,1,49.899842233496216,58.69678302532512,92043,2,0
96.49,3,5,1,80.91417503556688,65.36071184120465,26120,2,0
38.92,12,6,1,27.907067247257498,32.199863107460644,95035,5,0
25.61,12,5,1,62.555813476458475,63.74537987679671,4677,10,0
65.36,21,0,0,125.91771957112202,52.03285420944559,673342,1,0
64.67,9,6,1,105.25693233771756,49.59890485968515,648,2,0
86.83,6,6,1,72.26834334668524,82.55441478439425,15426,4,0
86.64,13,6,1,52.06931997014649,55.728952772073924,191096,7,0
138.56,8,6,1,49.16649240005423,57.661875427789184,247,4,0
17.55,2,3,0,127.65316284733939,61.57700205338809,1758,8,0
163.24,4,1,0,53.2441168376835,60.446269678302535,23045,1,0
12.69,19,1,0,68.19857150398718,60.70362765229295,308,6,0
85.07,11,3,0,68.64842391596495,60.33401779603012,5791,4,0
83.35,3,2,0,103.27549103398712,28.041067761806982,4575,3,0
7.52,0,2,0,53.10670846823698,59.93976728268309,190178,9,0
57.21,15,0,0,61.568330103414596,65.15811088295688,139,10,0
61.88,6,6,1,114.19839474298688,25.270362765229294,4354,4,0
42.76,18,4,0,82.74508570783544,28.35044490075291,18128,7,0
17.76,13,6,1,72.61438686927586,35.58932238193019,1523,6,0
12.37,4,4,0,75.4159278316937,90.34633812457221,19090,9,0
54.56,8,5,1,54.56589093876675,28.525667351129364,69,2,0
69.21,0,4,0,24.71960833963837,80.05475701574264,22305,0,0
4.34,13,6,1,23.25588777546285,34.10266940451746,50835,11,0
66.14,8,1,0,82.34037296304169,46.69678302532512,2376,2,0
137.67,0,0,0,54.82679512552922,45.99041752224504,1195,12,0
65.35,6,0,0,99.44205573923873,65.57700205338809,26120,4,0
2.33,19,5,1,97.45449770155741,31.852156057494867,647,11,0
72.9,0,2,0,76.42729337435598,66.62286105407256,10717,2,0
15.96,21,3,0,115.4326702326923,46.718685831622174,5927,9,0
4.77,23,1,0,71.31146405591359,46.965092402464066,54287,11,0
55.81,3,4,0,103.56720958346817,92.78850102669405,1324,2,0
24.74,16,6,1,79.11319639059477,25.188227241615333,391389,11,0
4.79,22,6,1,89.60977832057313,75.81656399726215,74,10,0
44.81,15,6,1,76.05553370407826,55.75085557837098,2054,1,0
6.57,21,1,0,78.28698542078091,48.23271731690623,4015,5,0
5.4,1,4,0,95.0453026281624,66.97330595482546,10717,12,0
42.7,9,4,0,95.49688669226639,44.90622861054072,1725,2,0
119.11,5,5,1,62.52483330419501,68.97467488021903,331,4,0
1.66,12,5,1,80.28197686756207,21.700205338809035,4542,11,0
59.31,8,1,0,16.71259136372019,49.31690622861054,911,2,0
342.07,15,2,0,86.0802567155478,19.61122518822724,28739,10,0
2.48,13,5,1,58.748890586728585,46.16563997262149,190178,0,0
1744.54,18,6,1,130.08184497184038,40.4517453798768,276002,12,0
79.21,15,6,1,138.31256027695323,22.036960985626283,606,8,0
109.98,20,0,0,121.2070494860157,30.56536618754278,606,6,0
55.33,2,5,1,110.38733194934473,34.74058863791923,19685,9,0
30.02,19,5,1,47.313972401374244,57.856262833675565,2208,0,0
34.27,23,0,0,95.18305263566138,48.936344969199176,14228,1,0
134.53,15,5,1,99.34110094700881,37.256673511293634,1312922,5,0
43.2,7,3,0,121.63206935574199,54.71594798083505,804,8,0
6.3,21,1,0,70.39747574523632,45.83436002737851,635,1,0
48.51,10,0,0,90.31746199683742,54.691307323750856,470,2,0
1.02,16,1,0,63.50456405949142,21.144421629021217,9594,8,0
29.77,13,3,0,101.18288446032358,73.54688569472964,184,10,0
8.61,13,6,1,57.506678614668516,24.876112251882272,899,12,0
134.61,12,5,1,82.22988973500354,32.01095140314853,46,10,0
4.09,16,2,0,119.47656208845002,38.05886379192334,1789,1,0
20.24,22,3,0,87.29874951482583,30.765229295003422,606,7,0
16.58,14,0,0,47.763995534470475,46.15468856947297,105549,1,0
2.2,17,6,1,104.58977314003063,59.75906913073238,190178,6,0
43.09,22,1,0,67.05148566139327,75.39219712525667,258,5,0
20.2,14,6,1,28.533275235723814,45.24024640657084,5621,6,0
57.53,14,5,1,61.582271625006314,49.059548254620125,551,10,0
51.32,18,2,0,71.12988483915484,55.28268309377139,11751,10,0
89.72,18,0,0,81.63801216279553,51.36481861738535,9587,10,0
7.26,19,4,0,104.3422574069224,35.77275838466804,1930,11,0
44.32,7,6,1,110.79380978808196,57.12251882272416,153,2,0
146.86,1,0,0,78.85830720364288,37.097878165639976,965,12,0
74.31,20,0,0,92.26979933230689,37.379876796714576,823,5,0
15.41,16,3,0,99.5990883774902,60.50376454483231,13061,5,0
71.11,10,2,0,101.1642400255027,31.709787816564,95035,2,0
4.96,0,1,0,74.90371311162329,54.392881587953454,1791,11,0
29.08,12,0,0,85.4551408680471,26.401095140314855,30770,0,0
72.48,9,6,1,55.08968386198583,20.49828884325804,1423,4,0
75.19,13,3,0,89.67463160468999,32.96646132785763,2501,6,0
106.67,8,4,0,93.18639698657107,33.790554414784395,76383,4,0
61.42,16,0,0,116.71570189695946,43.79192334017796,9815,6,0
2.26,21,5,1,74.32852382058168,70.39014373716633,1274,10,0
9.98,9,0,0,70.155394246563,56.17796030116359,192,8,0
76.9,23,1,0,49.79831460878446,30.677618069815196,7268,0,0
9.7,17,3,0,50.92101038330839,24.416153319644078,128715,1,0
104.78,10,5,1,40.32445732798805,36.648870636550306,1442,4,0
135.9,6,6,1,15.98217125446483,60.380561259411365,5791,0,0
34.96,5,0,0,76.23255979313107,44.57221081451061,1263321,3,0
6.41,1,0,0,44.61206878796951,80.79123887748118,22305,0,0
110.01,13,5,1,95.58876899638855,44.24914442162902,5895,1,0
19.56,19,5,1,80.8495020176607,43.7864476386037,9815,7,0
6.11,17,5,1,93.70807004664707,79.34565366187543,1363,0,0
2.32,11,6,1,53.25892232426447,69.77960301163587,4508,11,0
79.84,20,2,0,107.13680154188468,60.865160848733744,2566,7,0
58.82,2,3,0,48.94549500813451,20.04928131416838,2504700,2,0
88.67,6,0,0,86.65852632154355,54.652977412731005,470,2,0
9.71,23,4,0,69.38022138691518,49.20739219712526,45303,10,0
141.33,10,6,1,47.5819748960411,52.50376454483231,680,4,0
44.56,13,3,0,28.32120039474029,65.2457221081451,4778,7,0
30.4,12,0,0,35.402231815587285,36.61327857631759,42817,0,0
8.7,10,3,0,44.07986466812824,75.78097193702943,761,12,0
51.83,21,5,1,74.72076974474052,38.116358658453116,49,7,0
2.51,16,5,1,111.16610063040062,51.96714579055441,641349,10,0
77.7,0,0,0,56.1969690461286,50.444900752908964,9034,2,0
4.79,3,4,0,86.18934751156198,65.1690622861054,969,11,0
38.43,3,0,0,95.87968993044599,26.135523613963038,2395,9,0
80.75,16,0,0,84.8389973978905,29.982203969883642,1078,6,0
93.97,21,6,1,86.84368040766228,45.17180013689254,14871,11,0
23.71,7,3,0,102.6913784143686,59.78370978781656,502,2,0
201.47,9,1,0,41.33032480792432,40.336755646817245,6469,4,0
18.88,14,6,1,11.438903937706405,29.141683778234086,302,10,0
62.19,5,5,1,58.26432746492397,51.08555783709788,333497,2,0
76.59,16,1,0,86.79338204462529,25.864476386036962,391389,7,0
8.51,13,0,0,132.11534679394782,30.543463381245722,71463,11,0
115.61,9,6,1,56.63001144598076,38.275154004106774,836,4,0
50.09,17,2,0,43.92088002810453,44.18343600273785,566,1,0
27.9,19,4,0,97.84009311570931,38.5160848733744,124967,6,0
6.89,12,4,0,87.20762598986248,64.48459958932239,355,13,0
68.25,15,3,0,88.52465481504541,20.369609856262834,2870,4,0
20.17,20,3,0,41.410750934362326,46.92128678986995,5901,1,0
2.8,21,1,0,58.91031421166857,46.1492128678987,725,10,0
4.36,11,4,0,103.14884146046151,67.03080082135524,10717,12,0
71.16,15,4,0,89.86280134567282,33.28405201916495,741,0,0
14.01,21,4,0,76.38020776098229,33.35797399041752,1970,7,0
11.74,23,0,0,86.07478207114805,19.88227241615332,2870,7,0
2.53,8,3,0,55.70695524715859,51.06091718001369,333497,0,0
7.9,2,6,1,81.86044153228165,83.08555783709788,6284,11,0
1.92,6,2,0,104.60819367010258,52.00547570157426,571,11,0
37.38,4,4,0,128.66697727616824,57.63997262149213,2092,2,0
75.06,8,2,0,9.629862979068973,41.541409993155376,1563,2,0
2.1,16,5,1,111.41916410931388,21.590691307323752,4159,11,0
6.74,1,6,1,115.6060809535077,62.587268993839835,7420,11,0
8.29,23,0,0,85.85720795835412,42.03696098562629,10076,7,0
51.43,10,2,0,66.8073215349442,47.507186858316224,743,2,0
80.88,18,6,1,79.85867513058228,64.0684462696783,355,5,0
78.48,12,4,0,80.99401994319214,35.7015742642026,1858,0,0
1.95,21,1,0,75.11684274308155,31.789185489390828,46,5,0
103.24,8,2,0,140.1796281370567,85.40999315537303,276002,4,0
178.63,1,0,0,41.550755687178366,29.399041752224505,4056,4,0
36.47,3,0,0,105.29662106132832,55.85215605749487,11751,1,0
58.69,1,5,1,46.628549922404915,34.11362080766598,760,2,0
18.64,13,5,1,131.3340663299735,22.187542778918548,606,5,0
104.44,3,1,0,79.4874717630497,57.53319644079398,38912,1,0
36.99,3,3,0,49.632759499704825,68.50924024640658,331,2,0
58.89,12,0,0,110.18185631196292,36.941820670773446,1789,6,0
102.25,14,0,0,58.47943427517206,88.41341546885695,397,7,0
61.65,19,0,0,106.50049517681671,46.143737166324435,631,1,0
9.14,20,6,1,97.65723277110816,31.449691991786448,2303,9,0
56.92,16,4,0,51.7816310009226,40.40246406570842,6469,1,0
2.11,21,5,1,2.5333923866564594,51.89048596851472,333497,10,0
175.51,20,1,0,83.17347462547158,30.444900752908968,35371,7,0
219.6,19,0,0,69.61856521345116,21.609856262833677,4542,0,0
204.17,3,4,0,38.68850298843882,42.91581108829569,4090,4,0
181.24,19,4,0,102.10087653676364,31.67693360711841,12335,0,0
1.3,22,4,0,100.48330369048955,24.347707049965777,1595797,12,0
127.21,14,2,0,106.93405822359084,43.742642026009584,910148,0,0
4.02,3,3,0,70.1677675157405,30.8911704312115,35371,8,0
129.89,3,5,1,28.037328648036834,63.644079397672826,355,4,0
70.63,7,5,1,85.98577393667146,48.884325804243666,479994,2,0
5.42,4,5,1,56.98286068520925,80.0766598220397,145,12,0
7.46,14,0,0,80.09002129527033,30.376454483230663,2368,12,0
103.13,14,2,0,108.6546806578005,67.14305270362765,4603,7,0
5.35,12,2,0,70.78580288008621,21.9958932238193,3224,11,0
56.07,1,0,0,82.41021643372002,31.38945927446954,606,3,0
136.48,4,6,1,109.57936601702839,80.57768651608487,22305,4,0
1.88,17,6,1,61.28155036163232,32.284736481861735,2206,11,0
6.46,23,4,0,72.30811930431703,32.82956878850103,1679,11,0
50.72,3,6,1,107.49019863175464,25.100616016427104,1684,2,0
78.09,18,0,0,114.098204932029,56.427104722792606,67082,7,0
47.69,13,3,0,85.01669240089431,45.385352498288846,1195,7,0
19.04,12,1,0,110.93197198240924,68.90075290896647,427,10,0
61.91,8,6,1,84.78711567099175,50.105407255304584,673342,2,0
62.36,14,1,0,105.54140644450358,53.57152635181382,233717,13,0
3.24,13,6,1,19.657232460813074,32.993839835728956,27020,10,0
80.62,16,6,1,113.66750134344252,28.758384668035593,1228,0,0
1.01,19,4,0,80.38441458918973,69.60985626283367,1970,5,0
40.92,15,0,0,103.50443114928636,34.52703627652293,1493,6,0
148.5,23,3,0,73.01238514982083,29.88911704312115,77,7,0
148.25,19,4,0,93.99774724569465,58.97604380561259,3487,7,0
75.59,10,2,0,43.65937633476118,53.223819301848046,47772,2,0
41.59,13,0,0,91.25117937722452,40.544832306639286,3279,1,0
18.95,13,4,0,106.04176601219535,32.0848733744011,46,7,0
25.73,14,1,0,96.78284575566373,35.13757700205339,85,10,0
49.03,6,6,1,97.74153756300117,22.466803559206024,3224,2,0
35.29,19,1,0,80.51474387239489,25.845311430527037,238602,10,0
54.57,0,6,1,117.46027966907027,16.396988364134156,1512,3,0
88.07,7,6,1,87.81763205770267,40.30116358658453,757530,2,0
196.7,13,0,0,71.69033610177017,21.037645448323065,1423,9,0
2.52,16,6,1,117.64609044621822,44.15605749486653,910148,12,0
32.85,18,0,0,91.66985551002732,44.10951403148528,1725,5,0
7.29,3,6,1,65.10507918058522,64.15605749486653,1126,11,0
48.85,4,6,1,36.27780219980049,30.576317590691307,885,3,0
8.73,14,0,0,125.4220774371587,21.54962354551677,10295,12,0
23.28,17,1,0,50.68123876213086,25.596167008898014,391389,5,0
82.31,5,4,0,95.54287956417701,59.742642026009584,1241364,4,0
2.22,14,0,0,15.914333218852002,43.02258726899384,346,12,0
64.52,0,4,0,68.35665192623276,29.360711841204655,7297,3,0
7.79,10,4,0,8.80608700794677,53.01848049281314,47772,12,0
52.02,17,6,1,111.71924026368,30.239561943874058,2368,5,0
71.01,14,6,1,47.46036097674359,62.40930869267625,759,0,0
64.5,10,4,0,69.93634917464203,32.328542094455855,647,2,0
117.39,10,2,0,76.9314029592077,57.44284736481862,1143,4,0
69.22,22,6,1,54.199784304881575,38.17932922655715,1312922,1,0
82.12,22,0,0,64.94537167862714,40.51745379876797,3395,0,0
50.56,4,6,1,5.605474981719514,67.97535934291581,1139,2,0
52.4,3,3,0,99.64124079461688,16.281998631074607,5666,4,0
14.81,12,6,1,78.34084412397802,32.32032854209446,46,11,0
7.24,23,1,0,64.50881483718956,32.18891170431211,32891,11,0
63.81,9,1,0,81.03172941373279,50.809034907597535,10256,2,0
1.57,5,4,0,48.733106161222956,24.45722108145106,128715,8,0
9.96,14,3,0,102.96876837292795,31.789185489390828,95035,1,0
10.58,14,5,1,94.22827532626529,32.101300479123886,242,6,0
54.51,18,6,1,69.33177651779226,25.579739904175224,5216,5,0
107.28,19,0,0,18.94260212629027,68.3750855578371,1178,6,0
78.43,0,5,1,90.3533805638019,21.738535249828885,4542,4,0
49.12,11,0,0,66.82567064894761,23.72621492128679,2607,2,0
1.34,18,2,0,95.65682562386277,57.100616016427104,269,7,0
45.05,19,6,1,58.996478863132914,41.29774127310061,158701,7,0
152.13,23,0,0,32.24152495207393,47.25530458590007,922,6,0
41.87,20,4,0,71.86919903971602,32.492813141683776,5211,1,0
8.13,22,4,0,62.08266749520719,57.229295003422315,207,5,0
154.73,8,1,0,75.88655215896267,74.52977412731006,914,4,0
66.75,9,6,1,94.51011953068857,31.50444900752909,3688,2,0
25.8,23,0,0,94.28932062488927,46.74058863791923,5901,5,0
55.99,1,3,0,27.70187972328035,28.57494866529774,9679,2,0
157.19,7,5,1,42.736840721239915,60.695414099931554,2383912,11,0
2.75,3,0,0,100.90316444748765,70.08898015058179,4508,12,0
47.61,1,2,0,108.82558817481213,46.34360027378508,4471,4,0
44.55,12,1,0,69.4688194581195,48.06570841889117,213,6,0
6.33,16,3,0,55.70554637862682,28.383299110198493,9679,1,0
10.64,16,6,1,85.51119202267564,30.349075975359344,71463,1,0
77.4,6,2,0,58.766943705365975,47.011635865845314,771,2,0
78.84,11,6,1,20.737320754837828,20.76659822039699,17867,2,0
33.38,3,2,0,100.58280814415137,42.03696098562629,1446,9,0
110.14,1,1,0,128.06648406952235,50.130047912388775,67082,4,0
10.14,23,0,0,116.51153261048076,73.44558521560575,2518,10,0
8.68,21,5,1,32.85931836713557,34.157426420260094,224256,12,0
83.16,11,2,0,117.00149866613214,56.648870636550306,3862,4,0
40.54,12,5,1,13.764343280835543,43.53456536618754,324,0,0
34.96,5,5,1,71.48006026256851,61.47296372347707,23045,1,0
96.59,15,6,1,78.1203116482625,57.4839151266256,237282,7,0
74.59,16,1,0,128.0821029700911,68.76659822039699,1139,6,0
6.94,19,4,0,89.08604707821029,34.16563997262149,824,9,0
5.92,19,6,1,89.38378510195538,74.70499657768652,74,13,0
31.22,17,5,1,105.26694263550704,30.431211498973305,530,6,0
3.23,17,5,1,87.2927831687981,31.017111567419576,1847,11,0
48.25,1,6,1,70.35461360727614,21.642710472279262,3224,2,0
60.31,8,6,1,67.86899016877894,55.761806981519506,1038,2,0
46.35,0,2,0,55.75901197339118,46.61190965092403,55581,4,0
4.53,11,3,0,113.86195030504844,42.81177275838467,313,8,0
6.92,10,3,0,98.84365636652703,68.55578370978782,1178,11,0
314.93,16,5,1,105.04546271655882,35.5564681724846,2644,11,0
40.58,17,1,0,80.00428855159369,32.596851471594796,27020,0,0
3.09,0,6,1,124.73414965609447,77.97672826830937,2328,12,0
93.74,23,5,1,87.87028354469471,48.5284052019165,46563,6,0
106.13,0,3,0,112.71939156999292,33.32511978097194,1679,4,0
60.36,19,5,1,119.17933684503444,54.15468856947297,1791,10,0
35.3,5,5,1,15.193979347267025,60.20260095824778,13061,8,0
82.41,14,5,1,33.51651856133359,48.84873374401095,710,6,0
69.51,9,0,0,98.5422794364306,27.20328542094456,53,8,0
192.96,17,0,0,29.763688862557927,39.75906913073238,6469,7,0
55.4,17,1,0,90.61321693584782,20.361396303901437,1383,8,0
4.39,14,1,0,62.12594511776534,65.58521560574948,337,6,0
27.1,22,2,0,25.62700087284124,47.181382614647504,743,1,0
66.5,20,5,1,67.59523416633662,74.32717316906229,4005,6,0
3.33,23,0,0,25.78941830704976,24.314852840520192,372,6,0
66.52,13,0,0,57.01926102777425,45.40451745379877,14871,7,0
92.4,2,0,0,79.35141501158341,80.79123887748118,22305,12,0
34.91,21,1,0,57.80137133243363,50.548939082819984,4138,1,0
17.47,10,6,1,117.44526515332292,40.84052019164955,5760,8,0
75.15,22,5,1,70.10970237259454,41.29774127310061,1446,0,0
83.75,10,5,1,122.84596000053159,26.206707734428473,970,4,0
117.3,11,3,0,117.18473694341982,66.99247091033538,1078,4,0
81.35,1,6,1,81.48170868923891,57.31690622861054,4172,4,0
5.55,16,6,1,97.93310775293271,32.69815195071869,7692,9,0
11.72,19,6,1,122.57451543734834,24.67898699520876,71335,9,0
42.28,21,4,0,117.292218096813,43.93976728268309,18182,0,0
176.12,20,2,0,43.43721096355342,34.99520876112252,50489,11,0
24.48,13,4,0,53.81718769486089,23.742642026009584,917,0,0
11.25,20,2,0,37.175039886408555,28.309377138945926,4575,5,0
2.85,14,6,1,65.24750954809261,16.109514031485283,1512,7,0
95.39,8,4,0,86.55554193188902,28.78576317590691,722,4,0
127.56,4,2,0,81.39220601174566,78.74332648870636,1363,12,0
13.31,19,5,1,70.64022531088018,42.78713210130048,378909,6,0
3.1,14,6,1,58.377122140526104,21.51129363449692,4542,1,0
39.44,10,6,1,83.29665974330301,65.63449691991786,969,2,0
156.15,23,3,0,126.02559554338376,40.72553045859001,6469,11,0
14.44,18,6,1,73.84481934679312,61.327857631759066,937,0,0
460.23,18,3,0,66.13932818972663,30.833675564681723,477,13,0
191.3,11,0,0,139.06597268641679,36.309377138945926,2644,4,0
169.37,12,1,0,61.84886635484378,62.795345653661876,70,1,0
199.8,22,1,0,22.113631204438665,69.48665297741273,237282,1,0
77.4,3,0,0,24.66420526584757,57.946611909650926,237282,4,0
223.9,17,2,0,100.17918148128793,31.364818617385353,647,5,0
108.19,21,1,0,105.49002007103564,24.087611225188226,218,6,0
48.99,22,4,0,102.74908594947927,33.98494182067078,94014,7,0
96.52,22,6,1,90.26493047309506,48.0766598220397,413574,6,0
32.63,6,6,1,87.51373955476035,37.40999315537303,3684,3,0
176.94,20,6,1,39.258539546918605,86.03148528405202,18760,7,0
11.16,22,0,0,89.68161848257465,26.68583162217659,123373,11,0
50.01,23,5,1,108.42764288577807,41.18275154004107,1446,7,0
8.36,18,0,0,75.87059456978776,30.562628336755647,1847,9,0
9.01,6,2,0,24.142458996861894,54.026009582477755,269,11,0
12.83,17,4,0,95.04976376418094,35.75633127994524,1523,1,0
30.78,6,1,0,88.69699280099519,38.75154004106776,2644,3,0
122.12,12,0,0,94.41177926327691,19.49075975359343,3807,1,0
6.21,7,4,0,123.02630138743937,62.91581108829569,260,12,0
68.22,6,1,0,75.3740797120733,48.90075290896646,1979,2,0
189.25,2,2,0,83.27061756173836,45.242984257357975,71485,4,0
81.34,1,0,0,107.2279521044119,58.33538672142368,2135,2,0
71.72,6,1,0,117.8262571735034,47.43326488706366,55581,2,0
45.88,17,5,1,90.26183103093852,60.38603696098563,1131,6,0
2.51,13,6,1,85.06420015052181,39.0362765229295,5512,12,0
438.89,14,0,0,48.94081509350876,37.516769336071185,1789,11,0
118.68,2,3,0,116.2228832956455,57.03764544832307,153,4,0
84.55,4,6,1,97.19608273397202,60.39151266255989,190178,4,0
38.12,19,2,0,64.27065710801182,83.854893908282,1461,6,0
2.29,15,6,1,66.42906997444993,20.588637919233403,2870,13,0
74.64,22,4,0,43.49421162555609,28.49828884325804,1382480,7,0
120.28,14,0,0,76.8741725548456,89.99041752224504,19090,7,0
1.67,2,1,0,94.63476126597297,54.32991101984942,470,0,0
10.24,18,0,0,41.41978944637871,22.34633812457221,606,9,0
19.47,12,1,0,97.26370936961482,75.1895961670089,74,6,0
1.85,0,1,0,112.62523237977473,31.67693360711841,2872,9,0
136.54,23,4,0,72.00758387430662,66.14647501711157,1631,7,0
1.09,5,0,0,101.5143034594065,88.20260095824777,571,8,0
16.61,16,4,0,123.69846539593718,69.20191649555099,467,0,0
149.98,5,1,0,18.154622194586157,68.65160848733744,427,4,0
81.74,19,5,1,44.505676215634224,39.28268309377139,1126,6,0
4.36,16,3,0,34.55009691692427,87.69336071184121,397,7,0
37.99,16,5,1,114.12602530290523,67.0362765229295,4603,1,0
46.28,13,0,0,102.54704429508931,38.99520876112252,1532,7,0
135.83,21,0,0,130.58250886352778,23.93429158110883,1595797,10,0
65.67,13,3,0,28.68255473619101,70.5763175906913,1274,7,0
38.45,21,6,1,88.96036889923376,50.105407255304584,673342,7,0
37.38,14,6,1,41.9640944725242,45.59890485968515,687276,6,0
26.6,18,1,0,82.16597679933122,46.05886379192334,190178,7,0
2.03,14,2,0,124.51981079934593,47.50992470910335,270712,13,0
2.27,11,4,0,64.15448494878156,52.46543463381246,673342,12,0
5.08,5,1,0,88.98463003945662,88.62149212867898,2807,12,0
82.74,18,5,1,70.88281131290177,34.31074606433949,20328,12,0
1.39,4,3,0,81.11000812652686,31.665982203969882,910148,8,0
141.64,13,5,1,106.88013355753182,21.94387405886379,165556,6,0
98.89,8,6,1,57.94464671403496,50.22861054072553,23,4,0
11.9,12,2,0,86.62541981975357,35.06091718001369,2906700,12,0
101.75,17,1,0,51.648405066277455,34.795345653661876,6006,0,0
28.97,16,3,0,43.712938508641805,64.19986310746064,4677,10,0
22.27,13,6,1,52.30758563363044,22.340862422997947,4653,6,0
7.55,15,6,1,25.522025739422983,36.04380561259411,3766,0,0
2.57,19,6,1,119.21545499574886,48.16153319644079,34882,12,0
2.19,15,4,0,108.62275064695719,40.030116358658454,3395,8,0
8.83,9,1,0,90.32814338501223,83.83299110198494,1461,9,0
8.86,1,3,0,48.33705298488029,49.64544832306639,1656,11,0
93.05,18,2,0,49.65571674853527,40.832306639288156,1563,7,0
92.41,9,3,0,111.7092551926091,55.559206023271734,21437,4,0
45.41,19,5,1,53.635331624523545,41.007529089664615,341,7,0
111.14,0,1,0,99.4745095650908,65.22108145106091,337,4,0
49.12,3,3,0,112.52726197151546,55.28268309377139,1850,2,0
2.91,22,0,0,62.07617316587475,63.4715947980835,222785,13,0
29.67,2,3,0,86.53219253094711,46.507871321013006,1261,9,0
11.76,14,5,1,126.06041797148866,66.80355920602327,1925,6,0
2.89,18,0,0,45.87581653805439,67.21697467488022,7565,13,0
88.34,19,6,1,56.043435498961685,25.557837097878167,970,6,0
47.84,6,2,0,66.90880791075698,65.20465434633813,337,2,0
26.93,10,5,1,58.39415369840641,28.895277207392198,137,9,0
114.21,17,5,1,22.529569390975247,21.83436002737851,972,0,0
28.49,15,2,0,99.53672255558097,32.67898699520876,5211,0,0
39.1,14,0,0,50.15852744133314,42.81177275838467,8269,5,0
6.92,10,0,0,60.94589603857464,61.440109514031484,118,12,0
8.94,13,4,0,29.993793184137377,21.921971252566735,165556,7,0
1.75,22,4,0,89.58577580551677,28.9637234770705,1228,12,0
21.9,19,3,0,15.536264848393056,42.79808350444901,19054,9,0
37.43,15,5,1,114.30901772904275,34.893908281998634,19685,10,0
6.4,22,3,0,36.572720046907435,46.19849418206708,3688,13,0
4.32,14,0,0,39.0041383263584,70.8309377138946,3699,5,0
1.35,15,3,0,40.70542278657853,71.37303216974675,1190,6,0
5.58,23,3,0,89.16402407615017,45.01848049281314,1725,6,0
9.75,14,2,0,92.94054016077206,32.22724161533196,54767,10,0
75.05,20,6,1,104.38548717420967,27.052703627652292,126,0,0
100.97,1,6,1,93.84183843897898,47.501711156741955,863,4,0
1.36,16,5,1,47.04152594308335,44.0848733744011,1725,12,0
91.05,15,2,0,38.63323109824833,29.28952772073922,137,6,0
41.52,18,6,1,32.665367031485715,34.050650239561946,6951,6,0
6.09,20,0,0,47.91597021874474,54.4394250513347,804,0,0
22.95,12,1,0,107.44113423721834,63.81108829568789,76,7,0
74.77,1,5,1,92.40118654072323,48.43258042436687,2036,2,0
57.38,2,6,1,101.73503718010315,30.105407255304584,2368,2,0
55.67,16,3,0,83.56450863046229,48.32032854209446,1089,5,0
8.04,13,3,0,121.89290700151382,57.360711841204655,237282,13,0
185.25,0,2,0,119.84985751107408,43.82203969883641,4074,4,0
63.94,19,0,0,59.92278961517296,30.633812457221083,35371,5,0
42.0,20,0,0,122.3231917581037,61.43463381245722,1271,0,0
5.33,1,2,0,63.86596717045933,51.383983572895275,413574,12,0
57.27,5,2,0,59.79247670376903,70.14647501711157,43,12,0
187.65,13,0,0,25.983116935111273,40.95003422313484,149,10,0
20.99,12,3,0,26.04054395287373,31.8466803559206,647,1,0
74.02,3,3,0,67.64000600534844,45.09514031485284,381459,4,0
1.71,20,3,0,45.17819894521711,35.34565366187543,21134,11,0
48.56,14,0,0,79.54141633241252,56.43258042436687,3862,6,0
130.81,13,5,1,43.04385418772251,37.73305954825462,3684,5,0
69.22,0,6,1,61.3649145119012,40.714579055441476,6469,3,0
3.39,18,1,0,85.43993763067475,29.645448323066393,217,12,0
25.62,21,6,1,91.39944780021587,64.47091033538672,466,1,0
27.94,11,5,1,106.08999678453118,34.49144421629021,928,9,0
66.07,5,4,0,33.07429196177026,50.24503764544832,648,2,0
87.63,20,2,0,78.76635646024071,35.05270362765229,50489,1,0
104.34,10,5,1,120.17912284430787,60.72553045859001,198,4,0
4.0,13,4,0,91.42790021299454,64.77754962354551,932,13,0
57.94,2,3,0,112.5713600094094,52.35318275154004,571,2,0
8.13,21,6,1,91.01421791674377,46.75975359342916,765,12,0
48.7,9,6,1,98.34868307156101,32.35318275154004,122111,4,0
14.09,16,5,1,46.83723465859671,55.54551676933607,6581,10,0
94.3,20,0,0,80.76165377922459,40.747433264887064,5760,7,0
34.66,18,5,1,80.39002512746771,63.43052703627652,14783,5,0
27.98,9,0,0,56.692381853968755,80.32580424366871,61,8,0
64.57,0,3,0,57.34525587784188,23.02258726899384,31394,2,0
76.32,12,2,0,58.59604791851011,31.865845311430526,477,6,0
32.46,0,4,0,47.30698010679842,61.75496235455168,37,12,0
141.15,2,5,1,49.46425622343151,25.78507871321013,641,12,0
69.98,18,4,0,29.918455960424748,60.97467488021903,83,0,0
89.6,15,0,0,7.971847591136616,57.05681040383299,1443,5,0
84.53,15,6,1,68.30795971493745,38.57084188911704,686,0,0
3.8,19,4,0,117.70205430710382,40.876112251882276,1563,11,0
2.61,14,0,0,103.01520940693484,47.31279945242984,270712,12,0
74.25,5,1,0,74.36506226438695,27.170431211498972,86954,2,0
229.7,8,6,1,105.66699600374669,25.686516084873375,391389,4,0
8.35,14,6,1,116.05737116425996,31.772758384668034,2523,11,0
7.61,5,4,0,103.64322573541517,65.55236139630391,969,0,0
55.94,4,1,0,112.85910488577652,42.62286105407255,378909,3,0
28.39,19,4,0,46.174884491827704,44.28747433264887,3096,0,0
34.68,11,1,0,77.36510011687882,39.04722792607803,47249,3,0
33.56,12,0,0,45.884107873356086,43.14305270362765,21902,1,0
45.98,17,4,0,109.89774267785745,38.74058863791923,241,0,0
73.17,20,2,0,107.236262344316,40.67077344284736,1988,6,0
26.01,13,4,0,95.95223747615269,51.1047227926078,248,6,0
102.88,7,5,1,106.91296494827839,37.91649555099247,965,11,0
3.78,12,3,0,103.6395177317834,34.0041067761807,718,12,0
167.63,14,1,0,24.116397974845015,45.111567419575636,1745,11,0
44.75,13,2,0,100.44813204551922,67.16495550992471,1263321,7,0
50.84,16,0,0,96.01998187278483,70.47227926078028,2661,7,0
237.99,6,5,1,92.94404859772862,35.175906913073234,27971,4,0
4.13,12,0,0,73.07280805066469,48.93908281998631,2526,5,0
9.23,5,2,0,15.526999196977679,28.344969199178646,1228,8,0
52.49,12,4,0,79.96553521007316,64.10130047912389,355,7,0
55.95,4,0,0,58.34112034839464,35.27173169062286,144160,3,0
78.42,20,4,0,110.92856827070298,27.104722792607802,126,10,0
16.98,7,1,0,134.8859985930722,52.33401779603012,1514,8,0
6.3,10,4,0,69.312553084799,68.37234770704997,104396,8,0
96.62,19,1,0,64.20230541274407,64.21355236139631,932,1,0
33.19,21,1,0,56.078154866127996,50.43668720054757,568,7,0
7.26,9,6,1,60.68334023083745,48.39698836413415,2036,8,0
79.51,10,4,0,94.5255980445334,28.958247775496236,1382480,3,0
14.55,10,5,1,107.82984930079866,31.83299110198494,12335,9,0
2.66,22,4,0,91.9950340073187,92.1697467488022,16305,13,0
17.34,4,6,1,106.22459033532961,82.85557837097878,1288,0,0
27.05,23,5,1,41.13790417164642,66.87200547570157,136,0,0
6.68,22,4,0,84.75468195438161,47.84394250513347,213,9,0
37.81,6,0,0,138.6984596794641,45.56331279945243,687276,3,0
5.06,17,3,0,86.10085374831459,32.36413415468857,12335,13,0
22.4,18,2,0,86.91426983453418,33.81245722108145,1645,5,0
49.68,9,0,0,109.74788355064447,64.30663928815879,4677,1,0
76.48,4,6,1,47.96643365389099,93.47296372347706,2856,2,0
38.45,17,6,1,81.01685040844329,91.82477754962355,633,5,0
43.71,14,1,0,107.27364011371435,37.59342915811088,42817,1,0
2.35,22,6,1,80.35255081778051,45.19917864476386,1725,9,0
19.03,8,3,0,18.346761337479638,35.80561259411362,3766,3,0
47.37,4,0,0,96.35316254543754,63.00889801505818,263,2,0
8.18,15,0,0,91.22517037942801,88.8104038329911,2807,10,0
35.21,9,3,0,63.82721914605424,46.677618069815196,749635,3,0
79.54,19,1,0,50.42414499439133,25.544147843942504,95,0,0
35.6,23,0,0,80.33762170896802,68.07392197125257,427,0,0
66.32,23,6,1,112.12609433908104,31.731690622861056,832,6,0
62.86,22,6,1,71.7995567868973,23.392197125256672,218,4,0
1.39,20,0,0,63.0500344718806,51.15674195756331,78968,10,0
58.73,4,0,0,94.1305281339508,59.83572895277207,1506,2,0
97.22,0,5,1,90.9257681525527,35.29637234770705,467,4,0
57.89,22,3,0,31.208004191557134,57.61806981519507,1143,6,0
186.82,1,3,0,32.088326273933696,31.50171115674196,12335,4,0
4.8,20,4,0,96.29194692235282,53.53867214236824,1925,6,0
54.84,10,6,1,54.42404810256026,56.73648186173853,841711,8,0
48.58,22,4,0,101.90577175088549,33.88637919233402,224256,7,0
15.0,17,1,0,4.61371382883486,18.143737166324435,92608,0,0
37.42,7,2,0,124.41410584691693,40.57221081451061,149,2,0
10.82,21,0,0,110.74079290948961,14.168377823408624,267,11,0
12.94,21,5,1,110.13384144723443,26.10814510609172,608,7,0
118.56,7,0,0,29.75896204674196,35.55099247091034,328,4,0
8.4,15,0,0,47.209496499218005,20.123203285420946,3807,1,0
9.14,17,5,1,77.28487976118214,34.25872689938399,1526206,6,0
43.51,1,5,1,99.32830569847022,47.32922655715264,233060,4,0
16.35,19,5,1,66.26127645976759,58.168377823408626,258,5,0
85.78,16,1,0,86.19047748625671,30.46132785763176,632,6,0
4.43,16,4,0,89.38738806202701,73.4757015742642,2518,13,0
80.81,5,6,1,111.90438953056866,32.58316221765914,122111,2,0
6.3,20,4,0,116.38059091023916,45.83983572895277,105549,11,0
15.64,17,0,0,112.1375477514352,41.24572210814511,5760,10,0
6.12,22,2,0,70.66240831982016,41.32511978097194,158701,12,0
46.54,1,6,1,131.04343506992524,47.97535934291581,31515,4,0
7.74,10,2,0,78.01090186552781,52.30116358658453,899,8,0
69.07,7,6,1,55.92366943506821,47.42778918548939,18408,2,0
7.66,18,6,1,91.45303709570153,48.64065708418891,34882,1,0
16.68,4,0,0,38.325402538397874,90.33264887063655,52126,11,0
55.58,2,1,0,108.77632133665422,46.959616700889804,343,3,0
90.23,3,0,0,77.9648878901353,90.5927446954141,217,2,0
77.53,21,5,1,72.9237306113082,36.63518138261465,178,6,0
113.98,20,4,0,77.26484057657507,38.59548254620123,493806,7,0
45.22,11,4,0,80.52018403162452,35.05270362765229,144160,3,0
13.66,14,6,1,108.47023067624458,62.776180698151954,263,6,0
41.65,23,4,0,63.42435171023941,20.416153319644078,1423,1,0
933.08,4,3,0,74.0326007590901,25.440109514031484,45100,12,1
35.12,16,3,0,41.38657119647853,46.99520876112252,863,10,0
42.71,11,6,1,79.12733155166546,32.8104038329911,741,9,0
102.32,0,1,0,82.50979758316603,45.242984257357975,177,4,0
37.29,9,6,1,114.54604482483788,46.965092402464066,123,9,0
4.1,12,1,0,24.944727746772962,47.279945242984255,213,0,0
61.36,15,6,1,97.52257796690077,26.10814510609172,14742,6,0
30.08,13,0,0,94.76936417168766,65.44558521560575,969,7,0
67.1,0,5,1,85.8728237462548,46.072553045859,105549,2,0
91.77,23,6,1,56.07843599645661,27.83299110198494,107941,0,0
52.52,20,2,0,53.35205768301947,55.36481861738535,6581,5,0
14.11,14,0,0,96.86796349708364,34.16290212183436,20328,1,0
67.92,4,3,0,63.78883028181022,26.740588637919235,9496,2,0
3.76,4,6,1,48.31549177950802,39.34565366187543,134056,8,0
43.89,7,5,1,57.31940624285767,29.240246406570844,3085,4,0
5.3,2,5,1,58.49274630676367,38.82546201232033,5848,8,0
38.69,23,0,0,61.119834867785045,37.52772073921971,3684,12,0
159.49,7,6,1,77.59136627701456,64.53388090349075,76,4,0
8.28,22,5,1,119.9901272098201,26.42299794661191,116001,11,0
11.22,10,3,0,56.99198436002925,65.19917864476386,695,8,0
1.88,3,6,1,46.67147836112729,55.65229295003422,191096,11,0
70.52,12,4,0,108.78178215061783,29.31690622861054,419,6,0
6.17,19,4,0,46.88870650704472,30.17932922655715,530,12,0
6.13,6,0,0,116.77175486549712,92.61054072553046,798,12,0
5.75,21,5,1,111.05107591989518,47.00342231348392,271,11,0
81.79,5,0,0,14.618422821549462,39.24435318275154,1532,4,0
18.57,21,3,0,102.40197121148901,46.31074606433949,1749,6,0
63.53,18,0,0,73.53276319429611,29.930184804928132,71463,1,0
67.74,10,6,1,120.0200318251259,58.392881587953454,4424,2,0
8.53,18,6,1,96.79342691029169,46.09445585215606,105549,11,0
2.07,17,1,0,65.96011108522856,28.28473648186174,18128,7,0
93.61,20,0,0,95.70209835053787,14.858316221765914,2135,0,0
174.98,2,5,1,31.392536994189594,73.83983572895278,184,11,0
54.57,7,0,0,68.83442604548716,48.26557152635181,22930,4,0
34.38,16,0,0,90.68294761865792,44.766598220396986,1810,1,0
6.03,4,6,1,72.12337076469223,52.323066392881586,581,8,0
95.66,9,3,0,110.13760238103744,44.81587953456537,964,8,0
5.79,3,3,0,97.8059120473743,27.449691991786448,4575,8,0
56.66,10,4,0,114.0426958385216,70.7460643394935,4993,1,0
69.01,4,2,0,31.905641795690286,43.885010266940455,5548,2,0
8.67,7,1,0,91.99157312210423,83.30458590006845,3994,8,0
117.12,19,1,0,86.08718306972207,46.25051334702259,9512,5,0
77.96,12,2,0,25.924827692806538,27.28268309377139,525713,10,0
61.9,20,0,0,101.4963837381826,35.34565366187543,1858,1,0
60.8,15,1,0,15.161152766035613,31.94798083504449,910148,7,0
78.01,1,4,0,24.446536986356254,62.76249144421629,489,2,0
10.33,5,3,0,118.91312028771162,52.95003422313484,2471,12,0
21.13,5,5,1,106.59044712085785,41.17453798767967,149,3,0
206.77,20,5,1,87.52102742173432,33.59069130732375,12349,11,0
80.9,15,5,1,80.31282043047888,28.577686516084874,7297,11,0
62.38,19,1,0,122.80148725561128,59.75359342915811,1241364,6,0
19.01,15,5,1,68.85434568137991,81.4236824093087,4081,6,0
43.15,21,0,0,88.93381402001606,65.27857631759069,1909,5,0
10.83,22,0,0,51.32983143808435,59.75906913073238,1506,5,0
48.87,19,1,0,104.00866480014962,39.063655030800824,134056,0,0
3.3,18,3,0,11.40725457842117,26.269678302532512,19408,11,0
121.93,15,0,0,57.024409418619534,25.94387405886379,2395,12,0
167.19,15,4,0,111.55020821356605,40.87063655030801,158701,5,0
165.62,12,5,1,53.01130089475483,28.722792607802873,4056,12,0
37.44,4,5,1,112.37483821372278,35.950718685831625,229,9,0
143.98,13,4,0,78.95290876335723,87.65776865160849,397,5,0
1.65,23,0,0,118.62467435576472,44.629705681040384,1263321,12,0
120.25,20,0,0,104.25281095682243,30.562628336755647,71463,0,0
7.05,15,0,0,73.20482519060796,48.86242299794661,84106,12,0
14.07,17,5,1,52.6729202219384,66.74332648870636,1631,0,0
117.03,9,5,1,101.90230969534466,47.964407939767284,2401,4,0
125.15,22,2,0,79.64834658502133,35.87132101300479,24536,6,0
73.71,12,4,0,47.216840473788366,20.736481861738536,2870,11,0
25.51,20,5,1,35.54245940198894,84.24093086926763,17047,6,0
46.55,13,0,0,28.27857166419494,69.45927446954141,331,6,0
80.08,0,6,1,132.32095391076123,64.96098562628337,27829,4,0
5.8,19,5,1,120.63901375437217,30.858316221765914,888,11,0
863.09,20,2,0,85.59676204473577,47.66050650239562,1760,12,0
240.52,22,0,0,91.73798986338885,16.188911704312115,1512,9,0
3.54,6,6,1,120.50824741208285,35.148528405201915,1523,8,0
67.46,20,6,1,51.22605596076316,24.462696783025326,1770,10,0
261.37,0,4,0,84.45033666264993,32.02737850787132,46,8,0
129.54,8,6,1,59.39547419138004,57.42915811088296,153,4,0
755.14,23,2,0,94.00756248247536,43.860369609856264,3096,9,0
45.87,12,5,1,65.79151941634066,26.1492128678987,970,7,0
13.07,17,0,0,109.02004575423067,91.20876112251882,9565,5,0
149.3,10,1,0,53.93202115674548,28.28473648186174,1228,4,0
46.19,1,6,1,52.96296885595474,37.79876796714579,7163,2,0
16.88,14,6,1,15.808310534759372,28.44626967830253,8830,5,0
9.01,9,0,0,94.6838490973009,79.1211498973306,1363,9,0
67.91,2,0,0,71.67123401536689,19.890485968514717,1312922,2,0
12.92,22,0,0,10.462747949605829,37.6974674880219,23727,10,0
107.2,16,3,0,41.29270750960892,24.095824777549623,1595797,5,0
1.35,8,6,1,40.716409743797946,61.46748802190281,828,11,0
814.29,6,2,0,93.49134366312329,57.50034223134839,6629,11,0
117.89,18,6,1,33.9035638083097,26.663928815879533,5875,1,0
81.1,16,3,0,96.11000755328564,42.47227926078029,7155,0,0
117.86,9,6,1,56.20406626246809,38.62833675564682,2457,4,0
135.84,2,6,1,95.53078957876498,46.00684462696783,123,12,0
30.31,14,4,0,108.16262932091234,75.15947980835044,74,10,0
140.3,19,0,0,39.96632750720192,32.492813141683776,32891,0,0
249.4,14,3,0,125.65487192402703,27.422313483915126,107941,1,0
155.91,19,5,1,36.188872895200085,48.5284052019165,753116,11,0
3.28,12,0,0,95.82101861285095,37.23750855578371,4729,12,0
16.02,16,3,0,112.95504382390983,33.177275838466805,27020,7,0
3.72,15,5,1,33.971879761999006,34.365503080082135,79008,10,0
89.27,13,6,1,20.613914363245915,35.964407939767284,2906700,12,0
9.33,9,4,0,114.5460299299767,73.68651608487338,2518,9,0
8.6,17,0,0,104.01152454843229,56.87337440109514,3862,6,0
40.25,3,5,1,90.26335854277023,44.31759069130732,35299,4,0
23.42,12,2,0,110.167371018673,77.96303901437372,68211,7,0
76.01,10,6,1,37.32664360489547,35.04996577686516,467,11,0
65.58,6,1,0,109.376880334512,49.32511978097194,673342,2,0
90.23,11,6,1,57.74129303193474,43.4113620807666,4074,2,0
32.28,13,2,0,21.755226135739747,35.27446954140999,3451,1,0
46.18,16,4,0,24.010121898600794,41.9192334017796,7155,5,0
105.79,5,6,1,114.22784608008597,46.40930869267625,110,4,0
92.09,15,3,0,118.77626371817146,38.46406570841889,21902,6,0
5.37,22,0,0,143.3615827382374,48.72826830937714,248858,9,0
94.62,9,0,0,36.23633160480421,31.38398357289528,7268,3,0
145.26,4,4,0,32.20967859078071,55.24161533196441,275,4,0
51.38,7,0,0,91.95013927024853,78.12731006160165,2443,2,0
111.57,7,3,0,76.84741011133701,72.70910335386722,673342,4,0
50.37,19,1,0,86.5607535098732,31.734428473648187,3495,1,0
119.3,9,6,1,93.44869201867905,47.507186858316224,2401,3,0
8.51,21,1,0,21.695578201870667,22.444900752908968,606,5,0
1094.81,22,3,0,105.93035868630736,51.75085557837098,333497,11,1
8.31,18,6,1,57.8237795101823,46.965092402464066,922,6,0
78.67,19,1,0,31.139664559906432,46.888432580424364,54287,0,0
38.57,20,5,1,74.79337162274523,21.637234770704996,165556,10,0
7.54,10,6,1,36.727293581753784,66.58179329226557,1263321,8,0
17.48,23,2,0,38.96497129159363,78.42299794661191,68211,6,0
52.63,7,1,0,90.60360296788426,21.99315537303217,3224,2,0
16.98,20,3,0,107.85366493677549,67.24435318275154,1263321,6,0
1.77,7,0,0,106.36739431275807,57.56331279945243,4367,8,0
193.95,4,2,0,135.30611326006607,25.908281998631075,5161,4,0
530.76,20,3,0,109.32214164266598,32.26009582477755,832,13,0
64.68,14,0,0,30.330447622754523,41.782340862423,5196,10,0
39.1,5,1,0,73.75218669611675,41.489390828199866,149,2,0
1.14,20,4,0,84.2667017983233,38.455852156057496,509,12,0
28.68,1,6,1,87.62607899839959,43.17043121149897,19054,3,0
56.47,16,5,1,62.001880353698354,25.596167008898014,1504,7,0
3.97,19,0,0,23.339676870409466,47.200547570157426,18408,12,0
34.78,14,0,0,74.47442914264781,57.45379876796714,247,6,0
127.44,8,6,1,91.16982458230387,29.169062286105408,77,4,0
75.98,1,6,1,73.34930479582617,31.137577002053387,167,2,0
73.87,7,5,1,64.50648382100906,33.5523613963039,1645,2,0
27.52,23,4,0,95.00065589091888,35.00068446269678,50489,5,0
8.72,17,5,1,98.54641159578853,56.72826830937714,67082,10,0
42.66,2,0,0,66.05599491202581,69.83983572895278,1274,2,0
26.89,1,6,1,114.33813597242595,42.25051334702259,9521,9,0
1.44,20,6,1,64.60984201833628,49.81519507186858,1979,7,0
70.94,1,5,1,33.844258275855864,31.512662559890487,338,2,0
2.89,20,2,0,48.40168054215128,46.039698836413415,1749,12,0
1.87,17,6,1,117.03462643454613,51.75633127994524,92985,10,0
54.5,8,6,1,81.64034084208274,49.549623545516766,568,2,0
103.14,18,3,0,46.48398812517092,31.980835044490075,242,7,0
46.16,16,4,0,69.02460387393515,26.012320328542096,4354,1,0
40.17,19,6,1,89.95628797607479,64.55852156057495,27829,10,0
92.74,12,6,1,84.09826185140109,24.12046543463381,724,10,0
131.69,19,5,1,87.56542656129004,33.67556468172484,409656,5,0
4.27,16,0,0,45.81939013247055,21.760438056125942,10295,13,0
61.88,5,6,1,46.275651469983615,34.299794661190965,718,2,0
13.02,14,6,1,71.25073692700207,25.845311430527037,4354,1,0
4.96,3,0,0,79.00486108046292,60.544832306639286,602,8,0
60.33,20,2,0,41.877503344012446,41.4072553045859,1563,5,0
15.55,9,6,1,87.76253771182014,62.691307323750856,489,11,0
5.05,18,4,0,109.36893804805493,36.55578370978782,178,6,0
4.46,18,6,1,78.8731167180973,38.940451745379875,5512,9,0
142.4,20,6,1,118.66813410452781,60.15605749486653,4049,7,0
13.56,12,3,0,60.65377872808114,94.19575633127995,9784,7,0
6.8,20,4,0,121.03914257618409,23.06091718001369,564,11,0
3.78,21,2,0,57.56954491889007,22.496919917864478,1075,6,0
66.11,15,2,0,103.97324821898333,44.48459958932238,1804,0,0
38.87,13,5,1,109.6338430314519,35.41683778234086,85,5,0
33.63,15,0,0,66.26094607541111,24.12046543463381,128715,0,0
35.63,10,4,0,96.11418876281627,68.37234770704997,427,8,0
42.84,0,3,0,30.63492599330403,56.59411362080767,9165,11,0
25.01,17,6,1,43.62799367037934,74.54346338124572,914,7,0
1.21,15,1,0,105.50334344244052,24.073921971252567,34153,9,0
43.6,3,6,1,70.75957698317742,30.310746064339494,71463,4,0
30.81,18,2,0,29.13746680862389,54.09993155373032,1420,0,0
1.4,23,0,0,48.65197234328534,47.08829568788501,765,6,0
8.9,1,5,1,67.1484886232479,47.12936344969199,255,8,0
54.35,21,0,0,111.46696340499814,40.95003422313484,149,5,0
76.15,22,0,0,101.95808897743382,26.21218343600274,2395,0,0
13.74,13,5,1,55.02220178469399,66.16837782340862,1631,10,0
14.69,17,1,0,61.30441384856078,36.02737850787132,540,6,0
1.17,20,6,1,17.04572099583356,19.71526351813826,1312922,9,0
51.5,14,0,0,91.32626308920314,56.38603696098563,269,10,0
1.16,19,0,0,100.21520262153099,24.602327173169062,93193,1,0
35.25,12,0,0,97.59630473665715,52.70636550308008,137,10,0
79.86,21,6,1,64.71225099288273,32.96098562628337,11432,7,0
1.64,3,0,0,87.30475649373447,88.93360711841204,3263,12,0
47.52,23,6,1,55.4832648560754,45.31143052703628,71485,0,0
72.18,19,4,0,79.37335634499621,36.49555099247091,2906700,0,0
5.44,19,6,1,110.45907159064586,59.318275154004105,1923,13,0
3.44,12,3,0,73.38574537804023,24.97741273100616,71335,12,0
8.17,18,1,0,57.39315908744887,32.695414099931554,5211,8,0
45.2,5,5,1,101.04225666591755,32.60506502395619,46,2,0
32.84,16,3,0,66.28069372107737,64.6132785763176,337,7,0
1.87,20,3,0,100.9089493249411,39.3264887063655,21902,13,0
97.47,3,0,0,95.34745598212417,42.75975359342916,3776,4,0
141.32,21,6,1,35.19018892233921,24.996577686516083,214703,7,0
62.33,23,3,0,103.68016931977337,21.163586584531142,4159,6,0
53.17,3,2,0,111.24318678840791,25.82067077344285,2691,9,0
104.04,16,6,1,72.24781953236756,73.67008898015058,184,5,0
56.23,15,2,0,86.9091450239749,40.63791923340178,5760,6,0
230.75,17,6,1,89.29067869962287,73.46201232032854,450,5,0
88.78,18,2,0,23.090261098871398,20.947296372347708,6703,1,0
68.39,3,0,0,84.3318808476753,46.24229979466119,4471,4,0
178.94,1,0,0,47.94548696460701,62.72142368240931,239,4,0
19.08,22,2,0,83.72049804284968,33.998631074606436,94014,0,0
69.15,22,6,1,59.11964473626941,47.38124572210815,54287,5,0
94.05,7,4,0,76.68020988115423,47.35934291581109,743,4,0
28.62,12,5,1,79.29861998970298,34.29158110882957,76383,5,0
73.18,19,6,1,62.66774677830343,38.81724845995893,21902,1,0
150.19,20,6,1,16.46787224720375,85.45927446954141,276002,6,0
6.94,3,4,0,33.39823137085271,56.03285420944559,222,12,0
6.5,3,5,1,101.81914925976757,48.85420944558521,1979,9,0
33.62,17,0,0,26.569578271426757,30.507871321013006,606,12,0
1.71,19,0,0,115.1972162008258,41.68925393566051,1563,10,0
28.77,13,6,1,110.07040578114552,23.98631074606434,218,5,0
70.13,3,0,0,66.38830094089207,42.5242984257358,11250,4,0
35.4,20,5,1,118.7251174391131,46.012320328542096,2121,7,0
155.05,9,4,0,70.1980099222419,53.53593429158111,516,4,0
16.74,21,6,1,92.79455234332767,84.9801505817933,5648,6,0
9.03,19,6,1,11.724465004019986,33.59342915811088,1970,12,0
59.78,13,1,0,125.15216160167873,67.11567419575633,1631,10,0
65.42,0,3,0,26.03828535893925,32.38603696098563,32891,4,0
45.06,23,1,0,67.70390751635851,35.08555783709788,13602,1,0
97.66,15,3,0,67.47252907817148,48.75564681724846,2526,0,0
76.39,14,0,0,95.5045995835828,32.01368925393566,737,5,0
60.92,23,0,0,48.93291580795136,82.53798767967146,2258,5,0
18.73,14,6,1,56.74207954421849,50.84462696783025,2470,6,0
86.94,14,6,1,96.97866386730499,48.76386036960986,84106,12,0
7.21,23,2,0,96.07291820068032,30.22861054072553,2368,11,0
144.66,6,4,0,64.14226848704544,64.1533196440794,1312,4,0
24.42,15,0,0,112.2039070321403,17.508555783709788,92608,0,0
205.34,18,5,1,116.12373260141013,33.215605749486656,601723,5,0
128.58,4,3,0,92.23809707652205,75.37850787132102,258,4,0
97.73,4,0,0,69.18520273797438,37.03764544832307,1789,4,0
2.53,18,0,0,24.74800534343007,21.38261464750171,3202,12,0
36.75,20,1,0,58.093056907141154,56.32032854209446,2078,1,0
5.21,23,3,0,81.99687353144188,14.316221765913758,163415,11,0
10.53,23,0,0,97.79456000439492,34.63107460643395,19685,6,0
5.86,14,0,0,113.64813714451734,51.728952772073924,744,7,0
41.67,11,4,0,122.66064884448154,24.2217659137577,733,2,0
31.75,8,4,0,75.80762665150752,37.828884325804246,782,9,0
78.23,14,6,1,102.58303658487013,28.88158795345654,419,5,0
59.97,19,6,1,121.89614269510247,21.585215605749486,10295,6,0
161.52,17,0,0,116.67782456563607,45.23750855578371,687276,9,0
79.61,21,5,1,64.967605308709,42.47227926078029,16183,6,0
1.41,19,0,0,6.558462029600352,15.786447638603697,1512,5,0
6.15,9,5,1,131.95623608532495,67.41957563312799,1078,11,0
2.26,4,0,0,55.36123526862286,60.64065708418891,1131,12,0
5.19,16,0,0,96.87124582154992,80.11498973305955,61,13,0
55.12,2,0,0,40.89940690717769,78.28062970568104,36784,2,0
15.68,13,6,1,53.004936528403526,57.23477070499658,207,5,0
30.06,12,4,0,71.73062660837033,59.42505133470226,1506,1,0
2.23,15,0,0,50.23273946106616,27.5564681724846,4575,11,0
76.18,5,0,0,103.48736460515188,53.51950718685831,1420,2,0
393.04,14,1,0,89.04675076049277,45.56331279945243,645,13,0
8.76,23,6,1,42.07765317507105,36.114989733059545,2644,13,0
37.05,11,1,0,13.030565231037771,27.148528405201915,53,9,0
28.8,6,0,0,62.693818865829265,38.8829568788501,2644,3,0
7.93,17,6,1,97.07287011360917,43.52361396303901,1595797,12,0
25.95,22,6,1,127.23500865522793,32.380561259411365,1334,10,0
1.44,16,2,0,107.88022022643057,32.86242299794661,32891,11,0
94.24,11,0,0,38.35029702008575,46.327173169062284,5507,3,0
69.2,20,1,0,94.91675314927795,47.71800136892539,413574,10,0
22.85,15,4,0,29.514495160737926,28.739219712525667,4056,11,0
15.08,22,0,0,75.39170152888245,38.33538672142368,47249,10,0
9.76,2,6,1,21.84674239201693,67.52908966461328,736284,9,0
63.1,6,4,0,28.571509167112357,61.883641341546884,828,3,0
9.12,8,4,0,83.79211051344961,67.37029431895962,736284,12,0
115.21,0,5,1,89.45004884859202,65.0485968514716,932,4,0
38.49,1,6,1,124.28741625524418,36.878850102669404,172817,4,0
11.45,21,6,1,78.05449270074821,19.46611909650924,111,10,0
14.73,17,6,1,98.589972916994,18.661190965092402,111,5,0
89.25,18,1,0,22.03815255720275,30.833675564681723,71463,1,0
53.11,15,3,0,97.39251806272786,40.65434633812457,276002,0,0
50.74,4,4,0,120.24771936722979,35.898699520876114,2060,3,0
96.3,0,6,1,134.3149425384025,41.40999315537303,407,11,0
160.39,19,0,0,26.227716541539046,22.12183436002738,2408,9,0
433.0,16,2,0,77.01823626088805,24.66255989048597,1770,13,0
22.95,22,5,1,74.28875243249695,50.64750171115674,248,5,0
40.71,4,4,0,58.883330718388585,53.17180013689254,1606,2,0
5.23,17,2,0,113.08545725899934,46.19849418206708,5507,9,0
92.93,16,2,0,36.81377792891854,52.70636550308008,641349,7,0
2.4,18,5,1,104.5198471519391,31.09924709103354,151815,13,0
39.0,6,6,1,83.69564494730983,63.84394250513347,1892,3,0
139.35,6,4,0,42.26763103372089,49.4839151266256,1979,4,0
57.99,8,2,0,41.937297627331034,29.34154688569473,217,2,0
415.3,22,4,0,89.26593741724065,37.91101984941821,1789,8,0
27.52,19,5,1,84.20449450542185,46.65845311430527,725,0,0
68.99,6,3,0,89.12909425012492,46.75154004106776,765,2,0
52.7,11,4,0,93.59743736160564,55.73442847364819,6581,11,0
1.1,11,1,0,91.41021003398417,31.983572895277206,2872,9,0
1.27,3,6,1,104.07018653338332,78.66392881587953,68211,12,0
4.3,16,3,0,52.897323674624566,22.579055441478438,276896,9,0
133.68,17,6,1,90.73917443054248,27.351129363449694,4512,0,0
8.86,12,1,0,15.336350278666407,64.92539356605064,695,13,0
5.48,11,6,1,107.81297935801221,50.86926762491444,215,11,0
3.54,12,4,0,97.85895334063024,46.704996577686515,302,12,0
5.46,23,5,1,107.70208468813438,42.1409993155373,1051,8,0
182.72,21,1,0,48.78684358698258,46.20670773442848,725,7,0
65.63,3,3,0,100.39226410131239,60.54757015742642,23045,8,0
3.07,5,6,1,85.62457117672835,72.53388090349075,443,8,0
4.09,22,2,0,44.210357303123416,20.62696783025325,895,13,0
46.5,3,3,0,67.3699234723347,21.99041752224504,230,4,0
165.88,6,0,0,88.81254031844,42.17932922655715,4726,8,0
2.89,23,0,0,87.54650655367448,47.15400410677618,54287,12,0
7.21,19,6,1,98.81428365425646,25.8507871321013,116001,12,0
26.95,14,0,0,133.61632025702573,31.091033538672143,88735,7,0
60.9,10,2,0,67.81895605946141,45.65092402464066,5621,3,0
43.7,3,4,0,65.65831912011052,51.30184804928131,78968,2,0
29.56,14,3,0,76.45640983520362,73.90280629705681,95015,6,0
58.17,3,3,0,105.6619490120099,35.10746064339494,6006,4,0
105.92,2,1,0,59.74392530164488,71.51813826146476,6018,8,0
94.11,18,6,1,97.5979886674605,41.40177960301163,10076,5,0
147.52,15,4,0,90.50046061195302,45.045859000684466,1804,12,0
55.13,2,4,0,46.22152280760901,42.36002737850787,4090,2,0
31.33,5,0,0,64.42913850559088,47.266255989048595,1261,9,0
100.04,10,0,0,89.63648551996678,50.06981519507187,92294,4,0
8.21,17,3,0,69.30101188860556,53.80698151950719,519,5,0
9.11,4,6,1,72.68993159634961,62.62286105407255,4161,11,0
10.66,18,1,0,54.35318692969612,14.381930184804927,267,10,0
165.76,23,6,1,25.202030398694287,46.286105407255306,105549,5,0
64.56,21,2,0,87.35942061243452,90.29979466119096,52126,7,0
107.97,5,4,0,45.365553903918176,78.16563997262149,4593,4,0
2.14,18,0,0,126.13703995588683,24.202600958247775,518429,7,0
1.38,6,6,1,82.69097202470242,51.572895277207394,744,11,0
33.04,4,0,0,99.89893060780332,26.001368925393567,2395,9,0
199.52,1,0,0,80.85453244025315,54.620123203285424,1791,8,0
340.06,21,6,1,88.67397494185589,35.69883641341547,21134,12,0
8.47,5,6,1,76.09946266184583,56.884325804243666,67082,12,0
18.49,22,2,0,59.29456311054844,61.059548254620125,1196,6,0
69.1,12,2,0,54.75887704374715,21.281314168377822,9594,4,0
1.16,12,2,0,97.36990056144845,44.3066392881588,5548,10,0
264.51,10,5,1,122.18011294194369,42.92128678986995,378909,8,0
8.75,12,5,1,119.42340247018944,17.541409993155373,92608,13,0
104.93,17,6,1,13.147663410088494,53.28405201916495,2471,6,0
80.98,17,4,0,124.30024709267495,58.680355920602324,3876,6,0
6.65,15,0,0,110.28678348908421,63.98083504449008,76,5,0
17.96,18,6,1,103.41760166997972,25.01574264202601,391389,12,0
18.82,16,5,1,80.89781320103701,50.53798767967146,25459,7,0
111.31,11,2,0,27.60148047874123,68.44900752908967,331,11,0
24.57,18,0,0,65.67380873643751,93.62628336755647,798,6,0
43.88,22,5,1,50.675481876733265,32.167008898015055,5657,10,0
5.18,5,6,1,89.15043374286837,64.64887063655031,932,8,0
38.34,1,5,1,92.35631517042472,53.68377823408624,2471,3,0
155.0,1,2,0,50.880603253047184,54.5242984257358,470,4,0
67.19,19,1,0,80.97522476760592,55.43874058863792,6581,6,0
7.83,13,5,1,90.65299770465268,53.45379876796714,2471,0,0
15.22,21,4,0,23.42377232384659,34.261464750171115,35439,7,0
71.41,20,6,1,14.567577103935138,28.870636550308006,1946,0,0
6.53,22,5,1,105.37451504106343,42.46132785763176,3996,12,0
56.22,22,5,1,88.72364801214549,27.370294318959616,5875,10,0
54.78,14,1,0,121.49613826932735,27.561943874058862,128354,12,0
1.57,1,6,1,37.62562570265622,84.22997946611909,73,11,0
5.36,2,3,0,75.40272277901433,54.88021902806297,2317,12,0
21.75,0,6,1,111.2818507928431,46.48870636550308,55581,3,0
58.99,17,5,1,61.40827998444211,61.856262833675565,118,7,0
52.63,4,5,1,86.21188492330103,68.75838466803559,104396,12,0
50.01,21,5,1,70.5810375677399,74.80903490759754,914,1,0
470.77,17,4,0,40.44515706510572,44.709103353867214,824,13,0
15.4,15,3,0,65.27007700151113,40.97741273100616,149,6,0
138.1,1,2,0,94.79117759832957,30.869267624914443,888,4,0
12.11,19,5,1,82.37381383665802,65.63175906913074,969,7,0
9.84,22,0,0,111.4904465698761,66.88843258042436,1078,5,0
173.72,22,5,1,99.5227223193569,55.578370978781656,11751,7,0
63.22,23,1,0,57.51484852303145,60.3586584531143,2383912,1,0
8.75,18,4,0,81.66642862711187,35.0280629705681,1523,6,0
75.79,0,0,0,30.665194864112863,55.238877481177276,11751,2,0
3.67,5,5,1,38.59202702808711,56.83504449007529,9993,9,0
82.93,22,0,0,76.93816490150698,68.5968514715948,331,7,0
1.57,12,5,1,43.694054203416286,46.157426420260094,5621,12,0
7.72,17,5,1,87.5094365868894,48.596851471594796,601723,13,0
39.59,10,0,0,113.70978044262499,33.79603011635866,1679,2,0
165.55,19,6,1,74.04309102472274,20.098562628336754,1312922,12,0
109.61,6,1,0,24.900630833947243,30.373716632443532,1847,4,0
63.82,20,6,1,51.941828886331294,21.99041752224504,972,6,0
49.04,22,3,0,87.77933870828736,59.657768651608485,861,7,0
109.41,20,6,1,97.037085428214,77.90006844626969,2328,6,0
9.61,7,6,1,36.33576593683391,91.46885694729637,8019,12,0
23.31,13,0,0,91.2467246175793,50.56810403832991,743,10,0
1.24,21,1,0,48.78264570908138,32.035592060232716,32891,11,0
50.95,6,5,1,95.94948194595928,19.600273785078713,28739,2,0
76.64,0,6,1,129.01723315951673,19.392197125256672,3807,2,0
27.49,20,2,0,59.79226269387829,53.89185489390828,129,6,0
5.53,14,2,0,65.04936273792856,25.593429158110883,2456,1,0
45.62,22,5,1,68.99349029331881,19.964407939767284,895,0,0
50.91,23,1,0,93.01112079408982,17.776865160848732,4198,8,0
71.97,3,5,1,84.22655891684099,59.898699520876114,24840,2,0
92.01,19,1,0,81.22015923096637,52.93908281998631,653,1,0
4.86,21,6,1,36.175572476597345,33.8590006844627,718,11,0
63.15,0,3,0,104.44533716523782,78.26694045174538,1472,2,0
70.27,10,0,0,55.37590548841948,67.88227241615331,8512,2,0
84.8,22,5,1,103.28181351240913,31.6249144421629,477,6,0
80.98,14,4,0,76.57972401364749,77.6208076659822,2443,0,0
1.49,17,1,0,85.37099252876415,25.16084873374401,4354,9,0
88.43,17,6,1,88.47207101189142,80.32306639288159,61,1,0
60.0,23,3,0,87.59334499737884,48.114989733059545,34882,1,0
131.5,12,6,1,57.653913776726455,43.13210130047912,19054,0,0
22.21,13,1,0,99.95520316277398,37.360711841204655,836,0,0
1.54,6,3,0,53.60433599137375,57.634496919917865,38912,9,0
9.84,12,6,1,59.74865471612402,31.033538672142367,35371,11,0
55.37,2,0,0,50.5564958104309,19.006160164271048,8874,2,0
107.85,14,1,0,93.97870933914025,46.91581108829569,55581,6,0
55.11,15,0,0,89.41225114498161,62.502395619438744,260,0,0
119.61,19,3,0,94.07417466277735,28.53388090349076,498,5,0
70.73,22,1,0,67.03119013228279,38.776180698151954,124967,0,0
17.67,17,5,1,88.58672129142785,44.26557152635181,1807,5,0
59.23,12,5,1,83.4289344654557,46.05612594113621,687276,5,0
64.16,7,5,1,10.824185912368677,61.27857631759069,1196,0,0
1.57,18,2,0,46.60436552056154,64.47912388774812,355,10,0
2.25,7,2,0,108.60154218734377,89.34154688569473,3263,0,0
73.35,21,6,1,80.68276956441127,46.34907597535934,53,0,0
229.33,21,6,1,62.91503652570751,47.553730321697465,753116,12,0
178.06,22,2,0,120.53120175386242,59.99452429842574,1131,0,0
71.13,22,1,0,121.24970406286346,40.355920602327174,3279,0,0
40.87,14,4,0,111.31517538078641,70.67488021902807,2661,7,0
98.02,2,0,0,65.96767333645434,47.252566735112936,1760,4,0
31.01,17,5,1,70.65877185128349,50.56810403832991,663,0,0
69.27,7,5,1,93.7903613590372,58.795345653661876,1506,2,0
122.93,8,0,0,90.56218018283401,57.80698151950719,320,4,0
41.31,12,1,0,78.9185027244558,20.31211498973306,1423,9,0
79.49,2,3,0,91.34992737856247,50.7378507871321,10256,12,0
61.68,2,0,0,76.64076023357927,63.78918548939083,1892,2,0
78.6,13,0,0,11.568142358018836,31.887748117727583,832,6,0
78.37,16,6,1,65.39901754733437,36.50924024640657,229,10,0
99.64,10,1,0,47.26506083173302,54.21492128678987,269,2,0
68.45,12,0,0,12.745472245854675,35.35386721423682,27971,6,0
52.42,14,5,1,43.44087981191904,69.492128678987,467,7,0
22.51,14,1,0,69.55668082824198,38.52977412731006,47249,1,0
7.87,23,5,1,92.30532380717297,56.889801505817935,103927,10,0
52.17,7,5,1,88.61543174415414,44.28747433264887,18182,4,0
9.22,14,4,0,123.31685476140473,48.186173853524984,413574,5,0
6.61,0,5,1,112.13163358151304,50.351813826146476,92294,12,0
45.55,18,5,1,54.310080628080385,25.319644079397673,391389,10,0
3.58,23,5,1,26.567611752868235,43.08555783709788,190249,13,0
78.73,21,2,0,74.90819157892987,73.87268993839835,2518,1,0
58.94,9,1,0,58.987537829580354,24.32306639288159,67858,4,0
6.05,15,4,0,35.210163368029754,26.255989048596852,238602,12,0
571.26,12,6,1,15.228359863834504,44.90622861054072,645,13,0
210.02,3,0,0,118.2864582220435,35.10746064339494,59744,4,0
66.72,11,5,1,51.93888563919848,92.03285420944559,633,2,0
38.52,18,6,1,108.82160357644837,26.748802190280628,9496,7,0
25.22,14,3,0,59.85764955851239,55.45242984257358,923,1,0
472.76,21,6,1,80.98911462747482,37.68377823408624,823,13,0
461.17,16,6,1,39.48207375959478,36.23271731690623,540,9,0
61.14,10,2,0,36.19610273655231,71.1211498973306,1190,11,0
292.07,23,1,0,81.4552715516347,58.978781656399725,927396,4,1
102.4,7,4,0,47.85247475862923,25.349760438056126,2456,4,0
28.34,18,2,0,128.64064948878175,51.6413415468857,1628,6,0
28.03,0,5,1,107.10807401117683,25.930184804928132,19408,4,0
63.31,10,1,0,105.68652241845913,47.6933607118412,255,2,0
69.1,13,3,0,50.553916628013326,22.584531143052704,230,0,0
45.13,8,6,1,84.38307177637117,44.26557152635181,1810,2,0
4.79,14,5,1,92.11984446831931,42.652977412731005,346,8,0
6.34,14,3,0,75.31962572411646,77.37440109514031,2328,13,0
68.47,22,3,0,5.8210288942781965,42.46132785763176,3776,1,0
49.92,3,0,0,69.88941812073597,33.66461327857632,20328,3,0
7.07,19,1,0,116.88639504124636,31.21423682409309,338,11,0
43.9,16,3,0,84.83885549136004,78.72689938398358,1363,6,0
2.15,19,0,0,73.30286726638991,58.110882956878854,13422,10,0
92.2,6,0,0,81.2459482852205,28.550308008213552,316665,2,0
5.86,21,5,1,73.2819293882135,57.8507871321013,370,13,0
4.67,20,3,0,57.34441790414797,21.744010951403148,9594,8,0
1.23,12,1,0,107.3995494650024,28.112251882272417,69,13,0
77.95,22,4,0,13.381234813576029,41.02669404517454,1446,5,0
8.61,8,5,1,12.90537896338788,43.337440109514034,5548,8,0
156.66,19,6,1,94.45122408187468,50.31622176591376,743,5,0
493.5,16,6,1,29.788908629719767,24.61601642710472,1770,13,0
81.31,2,3,0,82.72699054916669,55.24709103353867,192,2,0
73.22,23,6,1,14.870357092643426,30.99520876112252,888,1,0
91.44,22,3,0,83.84123281649686,33.125256673511295,741,6,0
35.07,14,0,0,78.69488336327287,67.74537987679672,254282,10,0
44.85,9,2,0,31.501806044269877,77.03764544832306,60,2,0
16.26,19,0,0,130.89952236854538,47.715263518138265,270712,6,0
31.46,23,2,0,92.12525712165657,44.12594113620808,910148,5,0
9.55,3,2,0,76.06168470677319,52.799452429842574,680,12,0
7.52,14,0,0,64.58277537102641,44.120465434633815,18182,6,0
239.05,10,2,0,63.55302264836132,28.071184120465436,8830,4,0
79.84,4,0,0,120.9004629745014,19.852156057494867,1312922,2,0
4.22,20,0,0,91.43691438568102,35.57563312799452,3451,9,0
207.24,13,3,0,121.68668260245005,43.68788501026694,1595797,10,0
150.48,11,3,0,63.35827196441551,32.78850102669404,1140,12,0
74.36,0,6,1,122.6161454541326,88.11772758384669,2807,2,0
5.69,21,6,1,17.813865979376562,21.30321697467488,1423,13,0
433.89,21,6,1,70.47238676923685,44.67077344284736,964,13,0
3.17,13,1,0,86.58897068798231,63.8631074606434,207,5,0
54.14,0,2,0,114.01797059888744,81.27583846680356,376,2,0
55.34,17,6,1,61.509081250829134,31.693360711841205,910148,9,0
2.65,15,4,0,83.47553547764474,35.90691307323751,1930,12,0
52.15,3,0,0,120.65581120414389,47.90143737166324,753116,9,0
3.95,4,0,0,28.00911342169061,92.8788501026694,798,11,0
11.3,17,5,1,96.81891006521587,44.18343600273785,35299,6,0
6.82,8,3,0,99.4504194836397,62.157426420260094,118,12,0
777.65,15,6,1,95.33698132339555,46.90485968514716,743,11,0
10.16,12,6,1,53.63804962837007,70.80629705681041,1190,10,0
79.89,9,2,0,38.878421512587764,32.95277207392197,16163,2,0
53.63,16,6,1,95.29345067905584,73.67830253251198,165,1,0
58.7,5,6,1,62.93099863322084,59.663244353182755,927396,2,0
107.24,0,1,0,70.10767016720783,41.412731006160165,168,8,0
77.83,1,0,0,74.11152915552482,52.8952772073922,1383,2,0
428.22,17,0,0,41.5943074343282,38.54346338124572,124967,9,0
37.9,18,4,0,49.257589088997484,50.40657084188912,568,10,0
33.32,1,1,0,93.35313967980295,32.16974674880219,32891,4,0
77.26,10,6,1,90.77120827823823,88.96919917864476,3263,2,0
101.75,20,6,1,58.672996378788234,44.07939767282683,18182,6,0
650.45,11,0,0,46.26344672053396,83.60574948665298,1288,8,0
440.96,6,5,1,119.77330070063242,54.888432580424364,11751,9,0
8.01,7,2,0,58.12016193243606,25.240246406570844,4354,8,0
106.41,19,5,1,19.407091235975273,46.98425735797399,55581,7,0
42.16,9,0,0,76.43792796384392,21.245722108145106,166081,3,0
7.09,16,2,0,126.2134868306803,44.31211498973306,1810,10,0
9.14,22,6,1,70.55619588950161,31.88227241615332,545147,6,0
3.74,20,3,0,28.51329526826797,45.74948665297741,5621,12,0
22.55,19,1,0,65.27556531324646,79.35386721423683,1363,7,0
35.93,10,4,0,33.500203231584415,44.14236824093087,35299,2,0
157.28,9,6,1,40.93370742755729,57.111567419575636,91,4,0
50.4,21,6,1,103.0035572179749,55.45242984257358,6581,1,0
74.88,6,3,0,71.1647264009158,30.365503080082135,2368,2,0
6.08,12,1,0,37.070601570971355,40.38329911019849,757530,8,0
61.05,19,6,1,94.91505009989285,42.82819986310746,26551,0,0
57.59,18,6,1,121.4615857386722,38.327173169062284,222785,5,0
1.39,2,0,0,112.53733785444393,51.88774811772758,156391,12,0
4.13,19,0,0,99.31383853182318,41.99041752224504,158701,5,0
2.29,11,5,1,106.47569378768927,57.52498288843258,38912,11,0
84.54,5,6,1,11.470399495927342,42.33538672142368,3776,2,0
4.45,16,4,0,90.6590219666383,34.65845311430527,718,12,0
71.96,12,6,1,81.54931500172991,36.04106776180698,2906700,5,0
96.01,9,3,0,87.75715988711227,90.81177275838466,1063,4,0
96.14,9,2,0,104.63135261397306,59.3264887063655,214518,2,0
47.2,3,2,0,87.12595698152087,40.40520191649555,595,9,0
128.71,7,6,1,35.23303494087458,58.52703627652293,2158,4,0
45.43,11,0,0,86.81627767356777,46.48049281314169,5927,4,0
768.84,22,5,1,80.59484499257164,73.55783709787816,2290,8,1
89.26,11,6,1,103.08341480074503,28.361396303901437,828,4,0
9.49,14,4,0,84.82437297672074,40.35318275154004,757530,9,0
34.13,18,6,1,52.044013094809046,32.37234770704997,12335,1,0
75.42,14,0,0,29.400397620775767,37.93018480492813,49,0,0
82.44,19,4,0,108.92749017058189,26.102669404517453,238602,7,0
40.29,15,2,0,114.79146434306224,33.021218343600275,2501,10,0
95.3,5,0,0,71.17504345753231,68.78302532511978,104396,2,0
4.42,15,6,1,99.39794613940184,29.26488706365503,77,5,0
2.64,3,6,1,78.45239428313312,72.21902806297057,673342,11,0
11.48,12,1,0,38.379447111856216,77.71663244353182,864,5,0
358.26,15,5,1,80.25989478909902,42.15468856947297,3996,0,0
49.68,11,4,0,104.70147482216937,47.1895961670089,922,2,0
221.08,8,6,1,73.31707669096787,56.988364134154686,103927,9,0
67.77,15,0,0,25.781384804002176,41.275838466803556,149,7,0
13.93,14,6,1,86.09620181389813,61.91375770020534,1426,10,0
12.28,16,6,1,105.86747433666471,41.445585215605746,149,7,0
15.06,0,0,0,119.39765093456968,68.79671457905545,1100,11,0
164.27,14,5,1,98.3173400825152,48.68720054757016,34496,12,0
4.64,13,4,0,95.1159332603504,42.57905544147844,3776,11,0
174.36,21,0,0,69.95192762920898,22.677618069815196,2408,12,0
43.52,22,4,0,107.27864200399048,46.94318959616701,55581,10,0
42.37,13,5,1,38.03430161542457,71.129363449692,1190,10,0
30.29,2,4,0,136.41371127586612,31.2580424366872,35371,3,0
2.97,12,6,1,107.12367081860243,47.08008213552361,528,6,0
63.57,9,0,0,108.83078574451693,61.23477070499658,937,2,0
64.36,23,0,0,62.09637099442145,42.48596851471595,4726,6,0
13.66,23,5,1,12.112467753990991,34.53798767967146,6006,8,0
9.43,2,1,0,42.21718729789633,64.24093086926763,1312,9,0
120.3,6,2,0,99.2793684701344,30.8145106091718,338,4,0
46.92,5,6,1,97.04463269742472,57.37713894592745,1143,2,0
85.93,0,6,1,94.83238683173961,92.57768651608487,16305,1,0
29.84,17,0,0,35.940305180510926,52.369609856262834,344,5,0
107.23,9,6,1,60.68332306639062,65.14715947980835,133,4,0
8.09,13,4,0,93.68223861040889,27.572895277207394,520,13,0
99.91,5,0,0,59.410402093239384,67.35934291581108,736284,2,0
10.66,17,6,1,80.1054313337905,35.73990417522245,328,11,0
90.05,7,5,1,98.05558778417696,33.73032169746749,760,4,0
60.89,2,6,1,75.81830832838675,47.02258726899384,922,2,0
9.66,14,5,1,33.05461851375692,49.659137577002056,1979,10,0
78.75,20,1,0,104.82801182732806,56.27378507871321,91,5,0
9.33,21,0,0,2.431603412039867,26.209445585215605,30770,1,0
74.99,18,3,0,103.49122485533842,37.86721423682409,143,5,0
3.28,23,6,1,84.07635299671497,90.7542778918549,19090,5,0
1.38,22,0,0,94.12758342676223,46.09445585215606,749635,11,0
41.77,14,6,1,54.201739653811416,34.2943189596167,20328,5,0
63.26,23,1,0,69.29874582757262,57.41820670773443,247,1,0
5.0,15,4,0,77.03617655391201,33.686516084873375,824,11,0
9.55,21,5,1,86.64561453384471,30.882956878850102,1847,13,0
26.5,20,5,1,115.20536864620814,38.8062970568104,134056,6,0
3.23,22,0,0,81.43494438526835,29.177275838466805,1382480,12,0
81.92,21,2,0,110.21568394754225,39.15126625598905,21902,7,0
107.15,4,2,0,78.33091132866103,52.56947296372348,680,4,0
5.93,23,2,0,69.56295486957193,46.724161533196444,863,11,0
214.23,0,0,0,106.48772848477624,26.321697467488022,123373,4,0
8.44,22,4,0,29.0950034071776,79.65229295003422,145,1,0
7.33,23,3,0,123.92744032981848,30.496919917864478,341043,12,0
94.46,23,6,1,15.811892749679643,14.778918548939084,267,0,0
21.67,16,2,0,97.74632252844302,59.37303216974675,478,7,0
34.78,19,5,1,64.78730253163151,42.5927446954141,7155,5,0
3.74,19,5,1,110.28328681275015,21.05133470225873,17867,1,0
10.36,14,6,1,38.43764699405659,49.177275838466805,551,1,0
46.16,8,1,0,55.77446930283129,87.32375085557837,397,2,0
61.94,9,0,0,51.1946623004413,38.25051334702259,2644,4,0
91.84,2,5,1,116.61866086589811,18.420260095824776,4198,2,0
10.48,13,0,0,121.60099572154293,22.075290896646134,1689,11,0
173.99,19,3,0,95.56527728126872,48.720054757015745,34496,7,0
152.9,13,1,0,100.13973242861516,47.17316906228611,454,7,0
11.5,18,5,1,86.35804502539945,46.050650239561946,190178,0,0
126.54,22,5,1,84.97180370239745,89.50308008213553,52126,7,0
64.59,5,0,0,109.74165870624688,31.581108829568787,910148,2,0
4.87,8,6,1,95.64423633301826,47.51540041067762,255,8,0
7.64,16,4,0,63.69191263176236,48.56673511293634,248858,12,0
120.88,18,5,1,60.250166968865486,73.30595482546201,450,6,0
41.63,3,1,0,127.41546375630429,78.05338809034907,36784,1,0
6.32,5,4,0,121.03303413305304,68.83778234086242,331,8,0
773.4,22,0,0,76.2403997657049,54.60369609856263,2317,8,1
9.1,23,2,0,90.66920811343908,60.492813141683776,1131,0,0
76.86,12,5,1,50.07365799599783,19.641341546885695,136,8,0
25.24,16,0,0,105.61648451724315,29.555099247091032,77,7,0
66.16,1,6,1,109.12643094993575,47.15947980835045,213,2,0
82.72,2,0,0,86.19476408204295,80.36960985626284,376,2,0
4.68,13,5,1,110.8492318294317,51.9233401779603,344,0,0
19.61,11,4,0,33.857373020818976,70.34907597535934,885,9,0
16.82,15,6,1,89.19782811665945,56.64613278576318,9993,6,0
61.85,21,5,1,59.51127556436099,47.082819986310746,765,7,0
3.68,18,0,0,61.28722729685334,35.79192334017796,2644,13,0
57.24,16,5,1,81.01400544850323,28.76933607118412,3343,6,0
102.91,22,0,0,99.01123636440408,52.41889117043121,2435,5,0
1.14,9,6,1,46.316117833006096,69.82614647501711,1970,8,0
71.63,15,4,0,61.308401319939776,37.464750171115675,782,5,0
104.36,10,0,0,40.790261347945645,56.85420944558521,841711,4,0
104.46,14,5,1,79.04160927783165,23.86858316221766,724,9,0
62.7,3,5,1,22.555941691760463,53.007529089664615,233717,1,0
10.77,13,3,0,87.53210670310035,57.66461327857632,258,5,0
36.52,23,4,0,107.54560112523004,34.60643394934976,2906700,7,0
78.75,23,6,1,77.30240011020845,34.83915126625599,467,10,0
5.76,10,0,0,86.65823875572727,76.97741273100615,46944,12,0
72.47,19,5,1,74.45171764570182,53.61806981519507,128,7,0
56.18,20,0,0,56.583845001563716,42.99520876112252,190249,5,0
109.0,17,6,1,111.96055219930604,40.145106091718,13983,5,0
38.98,21,5,1,72.60181367069038,48.035592060232716,270712,10,0
77.52,7,0,0,28.23107854616011,92.8021902806297,798,12,0
85.34,3,4,0,21.107224260304683,30.258726899383984,1102,8,0
7.15,22,4,0,110.42642337126885,23.66050650239562,34153,1,0
64.83,11,6,1,82.83213375067027,77.87816563997262,68211,11,0
27.65,9,3,0,72.96551636438869,63.578370978781656,14783,0,0
51.79,7,3,0,39.32178084189067,62.03422313483915,828,2,0
76.79,5,5,1,68.3062790707867,38.039698836413415,5848,4,0
33.53,5,2,0,108.62661542969016,44.865160848733744,1195,9,0
45.79,18,5,1,94.48138667627407,41.17453798767967,149,6,0
34.88,3,6,1,89.46043821123557,37.16632443531827,7163,3,0
7.34,20,2,0,58.601176026815814,31.81930184804928,3688,11,0
5.36,21,0,0,69.88284151410092,21.590691307323752,4542,7,0
57.73,18,0,0,59.53346758452301,54.34633812457221,269,7,0
60.64,16,4,0,49.22008027175169,73.93839835728953,2290,6,0
34.92,13,1,0,123.94515773366024,64.83778234086242,337,0,0
114.43,13,0,0,83.02945262807908,63.94250513347023,76,10,0
5.56,23,6,1,60.55437823475558,40.336755646817245,276002,9,0
17.9,13,0,0,108.65983415811765,37.4757015742642,42817,0,0
73.74,8,5,1,15.898208817279174,37.47022587268994,823,2,0
14.34,13,6,1,95.11052809519397,32.993839835728956,1334,5,0
13.81,12,0,0,22.3572819657209,64.32580424366871,4677,10,0
24.4,21,0,0,94.83066632610536,65.77960301163587,2148,7,0
48.4,12,5,1,35.781878217773844,31.509924709103355,35371,0,0
95.88,13,0,0,38.52710642844705,43.44695414099932,1643,5,0
69.47,6,5,1,55.43713216335445,59.15400410677618,626,2,0
58.71,17,3,0,86.28055204423018,25.10609171800137,5341,0,0
6.14,23,3,0,72.98580034183355,50.450376454483234,459921,10,0
79.12,2,1,0,71.92175221750398,46.00684462696783,635,4,0
31.97,14,4,0,68.6483024765083,40.55578370978782,79613,6,0
16.93,16,2,0,55.72054281156369,30.376454483230663,104,1,0
53.64,18,3,0,48.57950641535756,56.79397672826831,6629,6,0
87.7,3,6,1,104.39756028315368,39.592060232717316,595,4,0
45.85,6,6,1,93.14363515226705,60.90075290896646,23045,1,0
99.3,10,6,1,106.04491709105378,47.17316906228611,743,4,0
30.75,16,4,0,95.66153478608729,31.718001368925393,888,10,0
15.52,13,2,0,64.31056743887146,35.05544147843943,59744,12,0
6.79,15,1,0,80.52557680739208,37.935660506502394,836,13,0
12.9,17,2,0,110.36102534333065,43.55099247091034,5895,5,0
61.14,3,6,1,94.97927637473929,45.38809034907597,71485,3,0
53.43,6,3,0,60.54842108551653,75.87679671457906,258,3,0
10.49,23,6,1,132.49596894422083,44.22724161533196,1810,6,0
95.72,4,6,1,93.99256842463816,25.78781656399726,2395,4,0
7.36,15,6,1,90.84480120516707,43.59753593429158,513,13,0
31.19,0,5,1,64.46931194395171,45.18275154004107,1804,9,0
506.01,12,5,1,43.04132584743445,46.32991101984942,123,13,0
166.67,20,4,0,54.404377917940025,14.932238193018481,163415,0,0
6.9,13,6,1,70.41229393584392,60.276522929500345,2383912,13,0
6.04,5,2,0,30.723712269939906,79.03080082135524,1363,9,0
76.71,10,0,0,58.26881233100741,20.57221081451061,2870,2,0
48.86,13,6,1,104.04760154448016,57.31143052703628,5908,6,0
114.13,1,2,0,67.43437016561518,24.279260780287473,1770,4,0
105.64,11,2,0,88.14277375206935,35.43874058863792,3766,2,0
120.53,4,0,0,19.309811420473597,20.33675564681725,6841,2,0
6.8,23,6,1,106.7407916208735,86.67488021902807,1202,5,0
8.96,21,5,1,101.26181864225963,47.181382614647504,343,11,0
6.09,8,2,0,40.033776435252044,56.39972621492129,207,11,0
6.45,7,2,0,86.39184287357679,56.01095140314853,67082,0,0
37.87,17,2,0,113.57080808726246,44.01095140314853,910148,0,0
124.29,4,0,0,126.17628125454404,59.728952772073924,13061,4,0
50.79,0,6,1,85.46038027911575,26.053388090349078,5903,9,0
328.08,15,2,0,40.837849592817214,46.90485968514716,190178,12,0
57.05,3,2,0,64.92439124519575,35.997262149212865,328,2,0
2.4,13,6,1,115.34575907846279,44.14784394250513,163415,10,0
34.51,1,0,0,95.54590768685524,46.00958247775496,110,9,0
76.6,20,0,0,83.42953552391623,62.680355920602324,759,6,0
6.6,13,5,1,74.29636621673586,83.56194387405887,1288,5,0
35.51,9,6,1,89.73730919939045,64.19438740588637,350,9,0
45.85,18,4,0,54.20846171028724,30.652977412731005,606,0,0
100.95,13,2,0,107.50037332918895,32.054757015742645,647,7,0
51.0,17,0,0,85.64000435694668,64.78028747433265,1909,1,0
2.29,2,1,0,108.51958514605082,53.437371663244356,519,12,0
79.29,2,0,0,123.79613149821023,79.25530458590006,1363,2,0
74.8,11,0,0,100.73832378344362,13.976728268309378,267,2,0
23.76,22,4,0,65.42125647881286,66.1574264202601,5778,5,0
12.68,16,3,0,80.03146985856716,58.25325119780972,13422,5,0
8.91,13,1,0,56.89139263134816,47.08555783709788,922,12,0
7.51,15,0,0,31.599654383530098,32.917180013689254,2211,12,0
49.21,9,6,1,78.7006771856929,45.60164271047228,381459,4,0
28.2,9,0,0,17.330770385209565,53.16632443531827,653,2,0
3.92,20,6,1,88.94926364045791,30.899383983572896,35371,11,0
40.66,18,0,0,73.70794211753478,45.034907597535934,100,7,0
8.57,19,5,1,62.64528337677993,23.236139630390145,564,13,0
5.24,13,5,1,66.22808325309465,22.132785763175907,9594,12,0
23.2,11,5,1,50.53943110346441,64.10403832991102,973849,0,0
333.97,7,0,0,100.53757545399384,34.93771389459275,19685,9,0
81.55,1,4,0,71.63880775288735,38.05612594113621,49,11,0
27.86,15,6,1,63.18744557203245,47.983572895277206,1089,7,0
32.3,14,3,0,28.318144074095294,88.88432580424367,3263,5,0
2.43,16,2,0,49.54998634544478,36.0,106,1,0
122.71,14,0,0,105.03074963489678,68.64887063655031,104396,1,0
34.96,5,2,0,126.64608429159125,85.15537303216975,181438,9,0
2.39,20,3,0,115.43581083974327,31.140314852840522,888,12,0
48.46,12,2,0,72.49860240179108,19.59753593429158,1383,5,0
48.36,13,6,1,116.00243597299824,84.48186173853524,2916,7,0
18.06,22,2,0,14.292700620725059,59.931553730321696,198,6,0
61.59,23,6,1,28.097268782911733,29.401779603011637,533,7,0
106.72,6,4,0,90.64756832164942,64.46543463381246,355,4,0
46.1,19,0,0,80.80072555152665,36.106776180698155,328,10,0
119.21,20,4,0,55.363872945080686,38.573579739904176,504,5,0
43.88,5,5,1,136.24967992923132,64.56947296372347,4677,1,0
90.37,7,4,0,22.58869206089366,43.17864476386037,313,4,0
131.29,3,0,0,54.37487188816678,55.526351813826146,11751,4,0
85.98,11,6,1,129.26291469915674,28.10130047912389,321490,2,0
45.47,22,6,1,86.63686984259489,85.30595482546201,5648,7,0
1.48,17,1,0,93.42395359191786,77.26488706365502,60,0,0
3.36,21,3,0,43.01645495038656,33.327857631759066,1675,5,0
25.24,13,3,0,67.92338051744835,47.82203969883641,213,7,0
28.14,21,5,1,22.41843307257305,44.53661875427789,5895,6,0
20.01,21,5,1,108.09910943005885,37.83709787816564,1789,0,0
9.97,19,5,1,88.15977575970973,43.200547570157426,1766,5,0
8.52,11,4,0,83.64703700013168,70.62833675564681,1190,11,0
34.54,5,5,1,51.58489776519664,37.100616016427104,639,9,0
38.76,21,0,0,84.03562707530502,59.572895277207394,51,1,0
31.28,20,2,0,107.93310865006639,69.52772073921972,776,1,0
56.85,20,6,1,89.96993774711501,45.804243668720055,14871,7,0
23.24,17,0,0,71.90152127314731,31.761806981519506,122111,6,0
65.31,10,4,0,87.09600646276982,45.05681040383299,71485,2,0
4.83,6,0,0,56.20104123899916,57.50855578370979,736284,12,0
28.86,1,5,1,28.46646757923837,54.94318959616701,2317,3,0
66.07,14,6,1,100.74186043233351,59.063655030800824,502,5,0
7.81,18,6,1,124.2911854737372,68.2819986310746,43102,10,0
162.65,10,0,0,17.160919296899976,25.574264202600958,391389,4,0
72.5,5,6,1,38.17391047423414,34.3025325119781,19685,3,0
93.5,1,3,0,75.21162197913111,51.83572895277207,1725,2,0
136.77,17,0,0,38.88073035007398,65.56605065023956,1831,6,0
45.48,21,3,0,120.72964403683329,27.449691991786448,4575,6,0
55.12,21,6,1,88.73250081405638,77.97672826830937,2328,6,0
4.19,9,4,0,107.34063515250246,78.69130732375086,526,12,0
3.47,20,0,0,54.73243179799949,47.60301163586585,1089,5,0
31.14,21,2,0,33.95665834660988,45.59342915811088,5621,5,0
311.61,16,5,1,103.11255443513599,32.14784394250513,2872,0,0
53.03,22,5,1,49.69860456124937,34.7460643394935,85,0,0
8.43,16,6,1,74.12325932931124,35.83025325119781,50489,13,0
53.32,18,2,0,95.95738382049072,65.80150581793292,1897,6,0
1.96,20,3,0,30.818579790698852,48.29295003422313,1412,13,0
8.15,17,0,0,126.73667836652965,29.062286105407257,498,10,0
75.65,9,0,0,109.1990515961785,54.57631759069131,5577,2,0
59.05,15,0,0,98.51087891517767,17.908281998631075,4198,12,0
16.24,17,0,0,100.1893574684493,51.32922655715264,530,5,0
3.77,13,2,0,96.51720872962366,34.16016427104723,2906700,5,0
69.16,16,5,1,64.42006961851602,45.17453798767967,71485,10,0
78.99,13,6,1,98.93091359339078,39.644079397672826,1532,6,0
192.33,2,0,0,49.83566075083464,49.45653661875428,568,4,0
513.16,1,5,1,84.81524358768257,39.12662559890486,241,8,0
3.02,19,5,1,60.90149882807334,46.92128678986995,743,11,0
75.83,22,6,1,60.89307284127514,30.68583162217659,632,10,0
8.65,5,2,0,122.94383093072017,73.33607118412047,2518,9,0
7.15,17,0,0,56.894379507181874,63.493497604380565,532,7,0
5.86,15,4,0,45.598399308907005,48.238193018480494,31515,13,0
137.57,9,0,0,23.655929225197795,40.53388090349076,1080,12,0
303.0,17,6,1,78.83215902524478,34.71594798083505,76383,9,0
53.27,1,6,1,35.26853485227598,20.90075290896646,1423,2,0
2.06,6,0,0,85.97252775994342,52.06570841889117,206,8,0
92.32,8,5,1,62.44721915536902,50.195756331279945,4138,4,0
65.98,21,6,1,74.31482464100303,79.56194387405887,145,5,0
8.0,18,6,1,112.53807323283775,46.450376454483234,233060,0,0
88.63,5,6,1,49.679255247559574,33.24572210814511,795,4,0
81.78,8,0,0,20.966251376471615,42.54346338124572,346,2,0
3.72,1,3,0,94.70995357888876,65.37440109514031,27829,8,0
98.89,10,1,0,58.23758418120484,73.27310061601642,184,2,0
104.03,13,0,0,73.04088886780846,30.847364818617386,7646,7,0
51.33,4,0,0,118.77270421744053,42.48596851471595,26551,3,0
14.12,18,4,0,16.28368653144644,70.65571526351813,4508,5,0
6.17,16,6,1,62.19831083043191,29.916495550992472,77,11,0
44.76,12,0,0,106.90820701926941,19.16221765913758,1312922,0,0
84.33,17,2,0,55.865428601921025,42.56810403832991,378909,5,0
203.49,22,0,0,81.91639445200305,55.28815879534565,275,5,0
9.09,13,6,1,34.23544861548215,54.42026009582478,269,13,0
76.77,4,4,0,58.56103276395934,42.40109514031485,8269,3,0
2.21,23,0,0,50.815543386956115,59.32922655715264,5791,10,0
101.2,21,6,1,99.26452279996957,77.91375770020534,46944,7,0
91.98,14,0,0,90.76418085665486,21.418206707734427,166081,6,0
4.84,1,1,0,37.56529089875755,47.73169062286105,31515,8,0
127.6,4,5,1,94.89425071183133,51.08829568788501,1666,4,0
229.68,7,6,1,75.66354313132325,35.94798083504449,186140,4,0
8.86,19,0,0,127.0173559174514,46.97056810403833,725,10,0
1.44,21,0,0,51.534298044040675,21.579739904175224,606,13,0
20.44,17,5,1,107.50126981486437,34.223134839151264,19685,1,0
58.66,1,0,0,122.13113966495925,67.24709103353867,137067,1,0
72.97,2,5,1,60.32849810195971,65.42094455852155,969,2,0
1.96,15,6,1,43.147510798543586,29.639972621492127,1617,9,0
58.96,2,4,0,32.332701980777074,28.62422997946612,3085,3,0
6.36,18,0,0,112.96608129858328,29.062286105407257,7297,13,0
103.92,11,0,0,83.0210816177421,68.49555099247091,8512,4,0
176.81,16,5,1,61.11381967828988,43.893223819301845,4474,7,0
51.5,15,0,0,8.76677308195877,46.5845311430527,863,7,0
190.6,1,4,0,103.1374513184948,34.559890485968516,27971,4,0
82.22,7,0,0,79.33819464145166,63.449691991786445,263,2,0
5.22,22,5,1,118.5861883331772,47.233401779603014,18408,5,0
1.91,17,5,1,74.17948916133298,70.25598904859685,4508,10,0
24.93,16,5,1,84.46083210279625,65.02943189596166,932,6,0
66.65,9,5,1,110.23578548820217,44.40246406570842,18182,4,0
52.14,6,5,1,21.50795706338405,14.72416153319644,163415,2,0
96.41,3,6,1,128.13838992445162,31.252566735112936,167,4,0
69.77,11,3,0,132.08138701265352,41.998631074606436,158701,3,0
2.63,17,2,0,110.82656175254382,80.12046543463381,61,13,0
23.87,18,5,1,74.7917056231797,67.79192334017796,1517,7,0
4.91,2,0,0,110.96468831714971,83.5482546201232,6284,11,0
23.65,23,6,1,64.63138745586247,88.0848733744011,397,10,0
9.8,8,6,1,42.95873560762554,52.50102669404517,1939,11,0
25.97,20,1,0,59.72531077400514,64.55304585900069,355,7,0
2.14,16,4,0,16.33233927584989,34.732375085557834,27971,12,0
45.44,21,6,1,59.623593605812616,55.12936344969199,5577,7,0
140.78,7,6,1,116.35082376707068,73.927446954141,165,4,0
72.03,15,3,0,80.7519297938004,40.596851471594796,276002,11,0
5.93,20,0,0,106.90123831804101,46.91033538672142,771,11,0
52.9,6,6,1,121.75819649873762,42.92950034223135,3776,2,0
4.5,8,4,0,95.17500691563964,59.1129363449692,626,8,0
3.04,6,5,1,131.12132865019734,51.83025325119781,899,12,0
71.79,12,0,0,96.10138172221504,30.190280629705683,632,5,0
39.43,15,5,1,91.53019055704013,43.79739904175222,320420,7,0
1.26,15,2,0,31.863780940420224,60.158795345653665,205,7,0
482.55,13,1,0,86.19190720633495,38.41204654346338,49,13,0
43.67,11,6,1,91.65870274440054,37.45379876796714,823,3,0
2.09,12,4,0,87.18655446199662,33.89185489390828,2836,11,0
42.35,14,6,1,125.38408642093584,71.30458590006845,1190,5,0
87.55,17,0,0,72.2923766955469,91.71252566735113,633,6,0
48.7,7,6,1,41.43239980999249,68.67898699520876,1178,2,0
47.13,11,2,0,93.40157058195051,66.37371663244353,9506,1,0
274.8,1,3,0,111.18208932635766,48.506502395619435,84106,8,0
26.45,11,3,0,118.73226737629903,54.119096509240244,2471,11,0
1.16,1,4,0,124.3050035620028,30.872005475701574,5662,8,0
135.44,0,0,0,63.45354668008334,57.3305954825462,258,4,0
15.09,19,1,0,50.095384614063065,92.18617385352498,3402,7,0
23.96,3,3,0,19.23881954060555,28.966461327857633,4056,8,0
89.66,12,3,0,56.08624981704177,39.44695414099932,100,6,0
36.75,22,4,0,130.16823793855664,62.98151950718686,1426,7,0
22.12,18,0,0,88.08133931802146,59.73169062286105,478,0,0
5.9,15,2,0,98.16075929114757,32.34770704996578,46,7,0
63.58,9,5,1,99.27468670679808,17.998631074606433,4198,2,0
132.63,17,4,0,83.07149292579156,85.492128678987,276002,6,0
189.65,11,5,1,92.5046803067892,39.082819986310746,21902,4,0
33.21,11,6,1,38.14155402844589,39.30184804928131,1201,9,0
116.06,10,0,0,109.04009074162879,89.95756331279945,18459,4,0
1.81,16,0,0,115.19697412706965,34.039698836413415,35439,11,0
91.44,20,0,0,21.301352091642116,48.28747433264887,84106,5,0
8.77,17,0,0,86.25349965429986,25.141683778234086,71335,11,0
28.12,14,6,1,76.83503783803765,48.473648186173854,5950,6,0
69.24,18,2,0,61.735278312355675,29.48665297741273,140,6,0
144.84,20,1,0,40.54662003957861,49.97125256673511,25459,7,0
28.95,9,0,0,59.554497161017494,85.80971937029432,12486,0,0
48.91,4,4,0,108.3716625842938,42.521560574948666,33917,2,0
22.25,22,2,0,86.15519841192274,62.56810403832991,75903,6,0
52.63,7,6,1,109.19648044268324,55.72073921971253,6581,2,0
7.83,17,6,1,129.7479297389833,50.8062970568104,9034,6,0
133.2,5,6,1,18.737030951750235,47.10746064339494,343,4,0
9.38,20,1,0,86.92697549415809,42.54620123203286,3996,9,0
46.69,12,0,0,110.98364310654242,78.46406570841889,471,7,0
62.24,4,0,0,107.62691742549917,29.70841889117043,77,2,0
121.84,17,3,0,97.73993138740218,44.73100616016427,1725,0,0
19.76,12,4,0,104.24780078065712,33.426420260095824,50835,5,0
69.98,3,3,0,84.00718360840361,31.619438740588638,477,11,0
10.33,21,6,1,74.29765000799794,52.016427104722794,1725,1,0
6.41,15,5,1,15.501857715453065,19.94798083504449,6841,11,0
82.02,9,4,0,69.65350391568342,59.93429158110883,1241364,2,0
51.82,5,6,1,103.77698881356486,24.35044490075291,372,2,0
39.69,12,6,1,139.3130011045922,40.58590006844627,276002,9,0
66.85,3,1,0,45.57778750965979,60.7419575633128,190178,2,0
38.51,19,1,0,8.09202041185735,43.917864476386036,313,7,0
4.85,17,6,1,103.81971453115551,24.04928131416838,2607,11,0
3.41,23,3,0,100.06807110985217,37.84531143052703,836,8,0
60.75,7,6,1,40.125806764994394,90.60917180013689,217,2,0
1.27,5,3,0,88.66909266813352,57.79876796714579,597,9,0
202.74,5,4,0,108.28436239346722,44.84052019164955,14871,4,0
14.23,15,5,1,67.1825649402488,27.449691991786448,86954,0,0
20.93,16,4,0,88.66078710559,33.1937029431896,601723,1,0
68.66,7,5,1,77.8463993508672,25.935660506502394,5161,3,0
114.58,19,6,1,41.01919956586629,71.26899383983573,3699,5,0
75.25,16,2,0,95.20325696089617,44.7419575633128,824,0,0
91.04,7,0,0,74.0893513450879,44.12594113620808,1766,4,0
97.98,9,4,0,18.129520349642814,41.21834360027378,1446,4,0
1.51,7,5,1,60.451783974936916,68.2984257357974,43102,8,0
1.68,18,6,1,85.36313450869949,24.501026694045173,128715,12,0
51.72,7,0,0,79.63897259750222,48.57494866529774,84106,3,0
35.93,2,4,0,56.64201724254261,78.3791923340178,471,2,0
58.85,0,5,1,97.41512016175628,61.889117043121146,1758,12,0
171.94,12,5,1,90.97551636491286,42.171115674195754,7155,11,0
61.85,6,5,1,47.325990152639314,23.274469541409992,564,2,0
113.31,20,0,0,109.0161574334637,31.512662559890487,242,7,0
147.21,21,2,0,49.330575353149925,62.61190965092403,4161,7,0
350.69,1,6,1,113.75587512459205,40.47091033538672,276002,4,1
7.12,22,3,0,78.28419495372107,30.691307323750856,1661,9,0
71.94,8,0,0,79.81776642246713,38.83093771389459,5848,3,0
61.39,3,3,0,41.40584834156744,22.77344284736482,31394,2,0
4.75,3,0,0,94.93475885217887,60.284736481861735,464,8,0
124.26,5,3,0,80.88758231351402,29.023956194387406,137,8,0
102.9,19,5,1,76.81859736677272,62.86379192334018,759,6,0
14.2,19,0,0,113.63786226308184,51.38124572210815,1666,0,0
67.54,19,5,1,78.83546443749009,46.26420260095825,5927,12,0
71.65,4,1,0,49.121529557032666,82.94045174537987,3994,0,0
75.75,10,6,1,85.77379941988596,80.290212183436,151022,4,0
74.35,23,4,0,35.45560719413233,32.772073921971256,737,10,0
53.58,9,5,1,75.42967003408084,31.679671457905545,647,2,0
72.59,22,0,0,95.61908834580463,41.35249828884326,149,0,0
56.78,2,1,0,113.3713826561613,60.65160848733744,1271,2,0
122.32,15,2,0,111.56335009381795,65.52498288843258,602,6,0
17.68,3,6,1,119.1211215408995,66.01779603011636,69793,8,0
18.34,12,5,1,100.90556972846369,54.05886379192334,1791,7,0
1.69,6,4,0,85.30464827220442,67.14852840520192,1078,11,0
37.46,12,6,1,104.05019088207305,40.82683093771389,1019,0,0
67.6,12,4,0,47.33991924247239,27.89322381930185,4575,5,0
4.64,18,0,0,40.409120380153404,29.724845995893222,2368,12,0
2.67,14,2,0,88.5386929486745,31.704312114989733,4573,9,0
73.79,15,0,0,73.49231766718859,39.01437371663244,686,5,0
9.03,22,6,1,44.20308630657134,19.72621492128679,28425,1,0
9.77,12,6,1,30.255577923522775,65.48665297741273,1831,6,0
4.5,7,5,1,94.6106233166572,60.035592060232716,198,11,0
131.26,23,5,1,72.67597868480195,51.80287474332649,571,1,0
66.22,5,2,0,71.05968612974492,70.85284052019165,1190,2,0
25.5,13,6,1,97.58383927983876,52.435318275154,13835,10,0
95.37,22,1,0,120.99277015163308,41.31416837782341,3279,0,0
145.08,16,0,0,124.1378540590861,60.114989733059545,5791,7,0
58.0,11,0,0,69.3942570507974,31.942505133470227,2872,2,0
36.14,15,3,0,32.50673128010173,80.10951403148529,145,0,0
82.61,9,4,0,70.11817116929399,47.08008213552361,765,3,0
7.4,20,5,1,100.57991637914387,33.22655715263518,11432,13,0
62.38,1,6,1,68.0074315380522,34.390143737166326,20328,3,0
19.16,18,2,0,91.8824550416707,57.13620807665982,6629,7,0
79.79,9,5,1,104.55325147274367,65.0321697467488,695,12,0
74.5,7,5,1,83.29868751036794,42.116358658453116,378909,3,0
19.41,18,4,0,85.80218648296709,69.48117727583846,43,6,0
4.93,23,4,0,94.48218153562567,32.837782340862425,12747,12,0
48.39,22,6,1,121.12414752642718,42.502395619438744,3996,5,0
51.15,13,4,0,45.37841655299192,35.422313483915126,540,6,0
14.06,16,5,1,77.07465779664145,64.68993839835728,602,6,0
68.78,22,5,1,112.39391646373888,40.71731690622861,1988,6,0
4.03,14,0,0,75.07186662833216,56.5201916495551,269,10,0
53.16,4,0,0,94.93045338031666,64.50102669404518,7430,1,0
7.28,16,3,0,41.17436499106293,67.31553730321697,10717,13,0
9.81,22,1,0,64.6155416325336,40.99931553730322,5196,13,0
45.36,14,4,0,98.32461222199439,73.66461327857631,6713,5,0
89.12,6,6,1,119.23857715362537,37.88637919233402,6508,8,0
5.63,13,5,1,109.7192202612683,14.833675564681725,267,11,0
92.13,0,1,0,43.28511681374945,28.05475701574264,291,4,0
5.19,17,6,1,63.53268225190727,22.915811088295687,31394,9,0
44.1,3,1,0,85.37396240489272,61.61806981519507,83,2,0
33.66,5,0,0,112.19073866186058,26.001368925393567,2395,9,0
63.33,5,0,0,62.19393237861996,15.94798083504449,5666,2,0
68.1,12,0,0,112.57557762547229,35.912388774811774,186140,0,0
9.02,23,2,0,93.36716916403763,52.44900752908966,717255,6,0
25.57,22,2,0,104.62227613906241,26.694045174537987,5161,1,0
112.54,12,6,1,99.37086404290828,19.73990417522245,136,7,0
24.36,17,0,0,77.63328240634749,47.73716632443532,811,0,0
7.79,4,3,0,98.23183932251479,62.97604380561259,732,8,0
23.09,15,6,1,58.527935826509136,85.056810403833,276002,6,0
1.43,9,6,1,89.81044014670489,53.659137577002056,1791,8,0
279.67,7,4,0,115.5971112672714,92.12867898699521,7369,4,1
13.26,23,2,0,114.60218751916777,30.340862422997947,341043,9,0
5.8,15,0,0,88.661258422853,38.79260780287474,504,1,0
38.22,22,4,0,19.18358436254175,28.95003422313484,4056,5,0
2.36,13,6,1,77.62161597366836,17.623545516769337,1700,1,0
93.79,23,3,0,44.49831429406038,33.44284736481862,50835,6,0
25.94,22,4,0,88.88518654642402,61.14168377823409,4895,1,0
57.93,8,4,0,19.924338914242472,33.544147843942504,2501,3,0
34.49,22,1,0,11.902746015991555,66.25598904859685,9506,10,0
51.56,3,3,0,129.18433666788098,30.806297056810404,1661,2,0
30.91,21,3,0,84.36748360730122,44.24366872005476,5895,5,0
35.86,8,1,0,13.942180013283203,40.43258042436687,79613,8,0
34.72,19,0,0,42.56225523412537,89.45106091718002,3263,6,0
1.15,15,1,0,80.10764051804759,47.619438740588635,743,11,0
16.77,22,4,0,108.85108036256477,21.182751540041068,6703,1,0
34.36,15,0,0,83.93978938484445,53.52498288843258,516,6,0
58.06,9,2,0,97.35152533583904,33.61533196440794,105638,8,0
901.63,17,3,0,97.25142753329642,66.7542778918549,254,11,1
6.1,16,5,1,101.95819062845212,46.926762491444215,811,10,0
46.73,17,5,1,63.35197250634944,23.770020533880903,128715,7,0
70.4,23,5,1,41.020804859957934,43.90417522245038,910148,1,0
66.57,14,0,0,111.63194721252228,41.842573579739906,1563,5,0
122.44,3,5,1,90.85620155236344,57.23203285420944,4367,1,0
30.98,12,5,1,85.0378400612126,42.48049281314169,4726,10,0
30.93,22,5,1,62.672970713957206,62.63655030800821,11253,10,0
5.74,22,1,0,41.98702572066126,57.14442162902122,297,0,0
1.27,16,4,0,82.15692562200704,33.21834360027378,105638,11,0
106.55,9,0,0,107.61803219477338,37.4757015742642,823,11,0
51.25,15,1,0,18.420229315238547,35.66872005475702,328,10,0
59.67,19,6,1,40.53129424080429,22.60643394934976,276896,7,0
73.05,13,5,1,55.46932791296247,91.5564681724846,104,10,0
11.35,12,1,0,58.15744121813499,59.22245037645448,502,5,0
108.75,11,6,1,66.81554483247405,24.517453798767967,214703,4,0
6.02,20,4,0,105.99378641178585,34.53251197809719,21125,12,0
31.6,17,1,0,90.74722366679498,91.57563312799452,3066,6,0
31.87,4,6,1,102.93068127840418,23.548254620123203,1595797,3,0
5.13,7,5,1,110.33998291447647,61.93292265571527,118,11,0
12.08,12,0,0,82.10221577378013,41.927446954141,4090,10,0
2.91,17,4,0,95.1521144666598,33.61533196440794,409656,9,0
36.52,1,3,0,124.79887184421766,30.51334702258727,71463,4,0
142.81,7,0,0,55.3484449464338,53.37166324435318,516,9,0
179.6,15,6,1,68.68671495721901,38.16016427104723,1577385,1,0
6.98,1,0,0,67.53818771414863,89.89459274469542,19090,12,0
25.45,3,0,0,63.01497469522869,42.63381245722108,399,3,0
26.7,12,2,0,46.15006508051886,40.48459958932238,5760,0,0
38.46,7,6,1,78.06379402652969,92.40246406570841,104,11,0
80.58,17,1,0,37.04389829490387,43.9917864476386,4074,0,0
107.29,10,1,0,85.72947173067838,65.16632443531827,1909,0,0
72.63,15,1,0,37.76052247865553,46.026009582477755,2376,1,0
2.84,16,6,1,28.83331669923904,41.05133470225873,3395,10,0
9.2,15,0,0,33.82135251413923,25.440109514031484,391389,12,0
9.74,22,6,1,68.72931562005984,43.28268309377139,4474,9,0
157.26,14,3,0,70.90197437452245,45.30321697467488,71485,1,0
40.06,13,4,0,12.011388920357847,91.15947980835044,1063,6,0
13.85,14,0,0,97.49290171752683,63.9151266255989,532,10,0
4.27,21,5,1,116.37173395982569,38.29705681040383,21902,13,0
230.47,16,6,1,26.862475580879394,34.743326488706366,19685,6,0
50.6,7,1,0,87.90702692201295,20.008213552361397,1312922,3,0
64.61,10,5,1,71.14913328189843,36.54757015742642,9051,4,0
102.07,11,3,0,52.44026295549116,39.006160164271044,1201,4,0
42.4,20,0,0,60.58883325421246,38.71321013004791,6508,12,0
70.75,19,0,0,43.726346958040985,38.50513347022587,124967,7,0
17.31,20,5,1,98.16842122514434,78.34360027378509,471,0,0
9.55,10,5,1,72.98739465847261,51.28268309377139,2470,8,0
55.12,10,1,0,98.90030708250946,71.63586584531143,1190,2,0
1.65,6,5,1,54.07527341469007,33.80150581793292,12349,8,0
112.94,23,0,0,80.98276372593175,58.85284052019165,626,6,0
4.96,23,4,0,86.40996088295319,56.92265571526352,3862,5,0
6.17,13,5,1,61.62368170715582,43.60301163586585,313,12,0
88.41,9,6,1,28.110653616448474,85.47843942505133,276002,4,0
123.48,15,0,0,60.04728828926373,73.00479123887749,450,5,0
156.83,8,6,1,95.00816230407503,33.73579739904175,99,12,0
42.28,5,0,0,40.3367578180525,59.65503080082136,1241364,1,0
37.13,10,0,0,55.76745987952113,36.525667351129364,178,2,0
317.22,23,6,1,66.16430435582778,31.07460643394935,7646,12,0
39.49,21,0,0,97.02077225043621,40.054757015742645,172247,1,0
1.44,19,4,0,98.55225363291757,51.13757700205339,1565,6,0
75.02,20,0,0,50.44588324773922,53.70294318959617,519,5,0
6.04,4,2,0,98.97767037099997,93.12799452429843,1324,12,0
120.84,19,5,1,106.78240725138403,51.94798083504449,614,5,0
144.65,19,3,0,101.54405968061756,51.01984941820671,92985,7,0
503.05,10,2,0,80.51259667695321,60.13141683778234,1923,8,0
61.55,9,0,0,61.94471952890272,23.208761122518823,2607,2,0
82.53,21,2,0,49.90892507457344,34.17385352498289,1360,0,0
5.76,13,6,1,92.89226920863484,57.51129363449692,2092,5,0
1.24,12,0,0,79.78693588299357,76.63791923340177,1263321,5,0
63.83,7,6,1,125.66496326158887,73.46475017111567,589,2,0
156.86,14,0,0,78.72762396648662,19.761806981519506,136,9,0
119.04,14,1,0,108.2153253417764,48.40520191649555,4015,6,0
38.18,22,2,0,82.60099666844371,70.51060917180014,4993,10,0
27.84,21,0,0,41.399985309350136,21.251197809719372,1689,5,0
67.45,12,5,1,54.04094595784226,44.9719370294319,1804,6,0
8.16,21,1,0,72.74023084759519,36.07939767282683,24536,13,0
69.26,13,5,1,50.16926948794397,38.93497604380561,241,7,0
45.5,8,1,0,34.136562026665274,24.484599589322382,214703,4,0
55.24,15,0,0,60.456965547829846,24.580424366872005,128715,6,0
9.11,19,0,0,77.48254228496077,67.38945927446954,7565,6,0
51.98,13,5,1,9.513732677420021,28.290212183436,8830,11,0
83.62,10,4,0,79.5794169101945,42.61190965092403,346,4,0
1.06,0,4,0,105.70093195130777,39.148528405201915,124967,8,0
3.9,16,6,1,72.96344267851717,31.394934976043807,12335,12,0
204.57,2,5,1,95.88231131168556,33.44832306639288,50835,4,0
130.29,23,5,1,80.71787577460039,42.35728952772074,16183,11,0
70.09,12,4,0,113.37072112710898,31.222450376454482,7646,10,0
85.62,18,5,1,109.64559319272995,22.1492128678987,606,0,0
49.85,19,6,1,123.45507450309681,59.97809719370294,1241364,7,0
64.02,3,5,1,11.18515436554961,24.520191649555098,93193,4,0
56.78,16,2,0,93.42780178151611,63.47707049965777,35705,10,0
1.14,9,4,0,49.60534416089457,33.66461327857632,1970,8,0
3.9,6,0,0,35.044902022181326,57.84804928131417,258,8,0
124.73,7,0,0,112.50809721825624,59.35934291581109,1923,4,0
45.01,9,4,0,105.19979819710272,29.204654346338124,140,3,0
10.64,19,6,1,65.23889290036274,33.47296372347707,2501,6,0
9.89,6,4,0,81.83129120637393,59.57015742642026,3487,11,0
116.61,2,5,1,73.19671759327372,39.162217659137575,1532,12,0
102.57,2,4,0,58.42064646748548,37.17453798767967,1571,4,0
267.76,18,6,1,89.88477037064902,46.32443531827516,5507,6,0
34.08,4,5,1,119.5198175202117,32.12867898699521,545147,9,0
18.92,12,6,1,69.31438460393198,29.17453798767967,722,1,0
72.36,12,2,0,101.07630451410472,31.690622861054074,54767,0,0
43.86,21,5,1,89.20887519237068,31.72621492128679,3495,7,0
144.71,12,1,0,126.18672531343967,93.26762491444217,2856,1,0
108.74,11,4,0,58.30993380400171,46.84462696783025,922,4,0
56.49,2,3,0,45.67634298807193,93.51950718685832,798,2,0
132.91,9,0,0,89.23147103557177,25.620807665982205,1504,12,0
29.81,3,0,0,57.542623093204185,43.92607802874743,9815,3,0
87.77,13,5,1,48.487738984961496,45.11430527036276,645,6,0
152.71,16,5,1,105.53217323001456,49.96851471594798,673342,1,0
109.2,4,5,1,40.616185748821586,26.850102669404517,4512,8,0
7.27,22,2,0,68.63214701403012,39.006160164271044,509,13,0
66.84,2,0,0,32.834844879337,55.983572895277206,272134,2,0
54.95,11,3,0,93.98157340240695,36.04106776180698,106,2,0
148.19,19,4,0,115.93223219055018,69.8425735797399,13717,7,0
72.53,10,3,0,108.8496391809675,79.50171115674196,136895,3,0
6.19,1,3,0,59.87957244184571,57.13347022587269,153,8,0
145.58,15,4,0,54.160016513584445,33.30047912388775,741,12,0
43.29,18,0,0,101.19336558915248,91.11019849418207,217,10,0
42.35,0,6,1,87.30511607969804,32.53388090349076,2206,2,0
7.15,15,3,0,100.11214436016247,45.229295003422315,1725,11,0
2.54,22,1,0,70.4438857833605,39.46885694729637,493806,10,0
13.16,9,1,0,123.50873835629667,58.57631759069131,1577385,12,0
3.74,15,0,0,104.63487999449207,22.143737166324435,3224,11,0
66.0,0,0,0,128.6349607217765,90.15195071868582,14075,4,0
3.7,21,5,1,62.351454449943816,34.6611909650924,718,12,0
9.89,12,1,0,71.9508845334276,68.65160848733744,427,10,0
3.16,19,5,1,15.145043959248614,59.227926078028744,24840,10,0
48.82,4,4,0,109.93468027221653,52.28747433264887,471,11,0
6.34,18,4,0,61.75779652448997,35.57015742642026,144160,11,0
77.75,5,5,1,48.900383440292885,29.579739904175224,1617,2,0
60.86,7,5,1,64.39309711439417,21.639972621492127,10295,2,0
7.39,20,2,0,51.20030017082359,73.6892539356605,128,0,0
131.67,7,4,0,23.934127426041822,65.59069130732375,69793,1,0
85.68,12,6,1,81.5007648882315,73.31143052703628,589,6,0
76.42,2,6,1,81.47124453563922,28.618754277891856,1382480,4,0
86.13,1,2,0,70.35308324410865,76.0848733744011,761,2,0
35.25,15,5,1,67.8128725343567,48.99110198494182,2526,1,0
83.62,4,4,0,4.214297988649467,34.53798767967146,76383,4,0
57.35,11,1,0,59.516725456509974,25.08145106091718,1770,3,0
2.31,13,5,1,58.46298553142701,35.14579055441479,1523,12,0
18.07,17,0,0,81.96608398018651,32.40520191649555,5211,6,0
119.99,15,2,0,22.257114384213665,18.72689938398357,111,12,0
48.18,7,6,1,56.360599171551456,73.70841889117042,6713,4,0
23.75,20,5,1,85.97383048596232,48.0766598220397,1089,6,0
42.86,4,1,0,109.81759507940605,47.20328542094456,233060,3,0
64.29,1,4,0,46.580859428959755,51.83572895277207,744,2,0
60.85,16,3,0,69.2960142137621,41.752224503764545,33917,6,0
5.03,20,0,0,111.28012477056073,52.153319644079396,571,13,0
5.65,15,5,1,79.39283072738117,35.57563312799452,2644,10,0
69.43,5,2,0,75.76434495361701,20.810403832991103,166081,2,0
87.42,23,6,1,114.28480530773153,54.809034907597535,923,7,0
5.52,5,6,1,33.04491779126384,68.12867898699521,104396,8,0
19.07,14,6,1,68.07118972980165,34.17932922655715,20328,6,0
18.39,22,6,1,111.96599164386814,49.83436002737851,1979,1,0
232.49,22,5,1,104.03352985971608,79.36755646817248,145,1,0
10.2,22,5,1,68.88786027972091,55.67967145790554,6581,10,0
43.58,0,1,0,34.116309605263645,33.96303901437371,1645,2,0
58.52,8,6,1,76.086289092343,21.78507871321013,4653,4,0
3.93,17,1,0,39.03609964957359,22.48870636550308,2408,11,0
13.11,14,1,0,23.398687417537612,64.62149212867898,350,5,0
126.87,7,1,0,30.689064986842947,49.40999315537303,45303,4,0
27.85,16,0,0,99.3395513575502,33.75496235455168,760,8,0
34.71,6,4,0,86.86273240996995,29.481177275838466,1735,9,0
97.86,15,6,1,48.61041764392481,71.26899383983573,3699,6,0
2.02,17,6,1,104.00655743429517,29.31416837782341,316665,12,0
8.95,20,4,0,50.98947658281124,29.88911704312115,2368,13,0
88.47,22,0,0,107.11562491984408,77.62628336755647,60,0,0
4.64,20,0,0,71.05396866118616,31.370294318959616,910148,12,0
54.66,2,5,1,124.40427531578655,30.954140999315538,477,3,0
12.85,23,6,1,33.36293091064518,58.19849418206708,1132,1,0
60.23,23,5,1,114.72033885011615,29.193702943189596,48194,0,0
75.1,16,4,0,64.21463396367847,31.449691991786448,477,6,0
70.93,11,5,1,116.38701383641688,19.978097193702943,2504700,2,0
98.85,3,6,1,71.32702957508553,50.327173169062284,9034,2,0
4.14,15,3,0,62.488000196831635,19.367556468172484,136,1,0
65.16,23,1,0,68.45657513760997,43.22518822724162,3096,5,0
74.76,13,3,0,79.81710420650987,29.43463381245722,1078,5,0
82.0,5,2,0,52.12093912011013,45.4154688569473,71485,2,0
107.28,14,5,1,98.09199538345257,19.175906913073238,111,8,0
12.92,12,6,1,33.06898545181605,58.79260780287474,1132,6,0
44.55,3,3,0,32.50547019032681,57.327857631759066,370,9,0
6.59,5,1,0,107.11153896617903,56.29568788501027,2089,8,0
60.91,3,5,1,75.38407631314097,36.40520191649555,178,2,0
13.47,23,1,0,72.05790855998012,19.64955509924709,6841,8,0
81.54,4,0,0,116.93063893245231,64.74743326488706,76,2,0
3.05,10,5,1,77.89600619531639,62.76522929500342,489,12,0
20.39,16,3,0,109.4253964829815,46.510609171800134,2376,7,0
61.13,6,5,1,101.8789214300424,60.85420944558521,2566,2,0
12.57,0,0,0,50.47732813189707,77.60985626283367,36784,0,0
16.3,16,6,1,61.295385971031635,34.30527036276523,2906700,7,0
3.72,23,1,0,89.91613332760399,20.030116358658454,3807,1,0
4.0,1,2,0,112.0359892679737,45.62354551676933,5507,8,0
74.1,4,2,0,77.5599115238245,58.666666666666664,626,8,0
3.5,0,5,1,93.62569374797535,54.110882956878854,269,12,0
52.25,1,6,1,60.6933753331182,49.98220396988364,648,2,0
95.92,10,6,1,117.72246000547331,37.50581793292265,639,11,0
127.14,2,5,1,92.02206766342908,30.507871321013006,530,4,0
5.29,6,3,0,63.551721303493224,73.47296372347706,2518,12,0
90.21,1,2,0,21.665397220724795,23.994524298425734,218,2,0
92.68,8,5,1,106.24085555152853,51.26351813826147,9587,4,0
79.63,19,0,0,67.08321944481435,47.24709103353867,1261,0,0
156.52,18,3,0,52.43162985909485,61.960301163586585,1758,7,0
48.48,17,4,0,86.58127448439001,41.20739219712526,3279,5,0
155.65,15,6,1,113.48405198285433,40.97467488021903,5760,11,0
7.91,8,1,0,68.05040837107276,53.55783709787816,640470,12,0
102.22,20,6,1,47.44612229480905,55.233401779603014,1850,1,0
46.96,16,3,0,17.120162346807806,48.2984257357974,413574,1,0
86.86,3,5,1,47.94750038719329,49.97672826830938,45303,4,0
147.13,2,1,0,73.8412133708748,31.83025325119781,2872,8,0
32.61,12,0,0,66.49552789792833,24.32854209445585,214703,11,0
38.65,16,6,1,88.6835751213837,40.27378507871321,6469,7,0
7.48,3,5,1,89.78172268047199,43.676933607118414,4074,8,0
105.13,21,0,0,19.924090667211292,21.61806981519507,230,8,0
81.79,12,6,1,132.0514555734393,30.297056810403834,2368,6,0
60.75,15,2,0,27.466655813053286,56.31485284052019,192805,6,0
60.2,2,5,1,98.07883587409391,58.27789185489391,13422,1,0
6.28,16,4,0,102.8459973761784,43.572895277207394,513,12,0
44.48,3,4,0,71.98764470810826,45.45927446954141,2202,3,0
109.86,11,5,1,41.33036461810176,45.57426420260096,645,11,0
125.27,17,5,1,75.82929680698844,58.52977412731006,2799,10,0
2.24,14,2,0,70.89627695840522,35.9151266255989,540,12,0
55.27,0,2,0,22.470330404912946,79.39767282683094,145,3,0
16.98,19,0,0,127.23665169416334,73.3141683778234,5732,10,0
125.16,21,6,1,64.30522416599011,33.661875427789184,224256,11,0
11.6,10,1,0,78.84359239881546,69.91923340177961,1274,8,0
4.7,7,4,0,54.45567175453135,53.8507871321013,277,8,0
9.93,23,4,0,118.05389406582071,22.351813826146476,276896,6,0
77.49,14,3,0,69.17883157883392,84.49007529089664,73,5,0
62.34,4,4,0,18.619010697205354,45.49486652977413,105549,4,0
7.88,18,6,1,46.26601409617886,47.92607802874743,1089,8,0
390.52,12,6,1,42.62891732220883,35.68514715947981,1166,12,0
6.28,19,5,1,119.98473191996096,40.35318275154004,13983,12,0
56.36,1,0,0,58.30004368448159,47.36208076659822,454,2,0
1.24,23,0,0,54.941663614232475,20.150581793292265,2870,11,0
52.2,0,6,1,76.20415290610396,64.04928131416838,207,2,0
8.45,4,5,1,73.82972656578121,93.50581793292265,798,8,0
35.4,16,0,0,54.781711949108384,54.19301848049281,112,0,0
50.05,9,2,0,35.934450157146614,28.61327857631759,1228,2,0
1.42,1,3,0,70.84759665283354,75.31279945242984,1165,11,0
64.4,1,3,0,106.175577488942,43.422313483915126,3096,2,0
64.82,22,0,0,71.69239084794495,51.95893223819302,9587,7,0
8.33,18,5,1,61.96723193705551,21.453798767967147,17867,12,0
4.31,15,5,1,61.87808719405644,24.008213552361397,2607,12,0
2.64,18,6,1,98.07736515878271,44.42436687200548,18182,0,0
80.08,21,0,0,63.29079457355492,77.65639972621491,864,6,0
156.92,4,5,1,38.03953619167642,52.539356605065024,680,4,0
63.5,4,3,0,52.2229868578426,42.95140314852841,2054,2,0
1.84,16,0,0,85.42115564885982,42.99520876112252,313,10,0
33.21,17,6,1,74.12195998597156,87.37577002053388,397,5,0
46.92,4,2,0,79.88396817616848,50.48596851471595,1656,2,0
37.7,20,1,0,114.14225633549941,49.87268993839836,9034,7,0
59.69,8,5,1,98.28883180131389,90.62559890485969,217,2,0
6.31,7,5,1,49.98117485104441,51.26078028747433,248,9,0
22.84,19,5,1,84.6898239235465,48.03285420944559,84106,6,0
78.73,14,5,1,44.86588144655366,21.99315537303217,4653,7,0
42.44,22,4,0,102.36149277338012,35.279945242984255,3451,1,0
17.0,1,2,0,96.07439368465792,26.82819986310746,5161,9,0
9.72,21,5,1,43.960164439409944,49.661875427789184,67082,5,0
58.94,3,1,0,50.4607813639219,47.10746064339494,213,2,0
46.56,7,3,0,109.95332935628346,28.314852840520192,828,3,0
71.08,22,6,1,84.75793330093252,42.91581108829569,190249,10,0
8.24,21,4,0,43.054250554924764,77.3305954825462,60,13,0
33.82,23,5,1,78.4601318856157,48.988364134154686,46563,7,0
18.67,18,6,1,71.91587166416312,34.48596851471595,2263,6,0
38.9,20,0,0,86.11984996575826,65.96303901437372,969,1,0
37.48,22,1,0,93.8945798504689,33.90554414784394,36438,0,0
47.94,1,5,1,66.48983885571589,88.13963039014374,397,2,0
123.4,8,2,0,23.79306084574463,32.435318275154,741,12,0
23.56,13,2,0,91.23553732781974,40.799452429842574,6469,1,0
20.24,17,0,0,60.895397464547436,28.150581793292265,33804,9,0
33.34,7,1,0,70.87491322868972,37.53593429158111,172817,2,0
14.76,16,2,0,20.175361503718825,40.813141683778234,310,1,0
18.37,20,2,0,87.21271533028555,28.205338809034906,321490,0,0
13.93,22,2,0,64.83471174757814,28.6652977412731,722,8,0
319.76,22,0,0,92.04283524659027,62.110882956878854,118,4,1
5.96,2,1,0,115.59101342458811,52.224503764544835,614,11,0
202.97,15,4,0,74.9860540540671,27.08829568788501,42384,1,0
6.54,11,0,0,55.502061864641696,31.28542094455852,888,8,0
6.45,22,5,1,59.994232717111935,32.303901437371664,94325,7,0
9.55,2,0,0,79.59951807545066,52.51745379876797,4878,12,0
45.5,19,5,1,44.420089517390224,34.39835728952772,2906700,11,0
592.37,18,6,1,109.0553359739392,34.795345653661876,27971,11,0
35.61,12,4,0,47.06697376698929,48.394250513347025,2526,1,0
64.84,15,1,0,115.21555598878314,59.50444900752909,5791,1,0
7.29,19,0,0,126.72392087583935,31.02258726899384,3495,12,0
19.13,16,6,1,55.85343660142652,35.304585900068446,3451,5,0
43.0,8,1,0,84.108648206442,59.937029431895965,1923,2,0
25.11,18,0,0,61.58414930050083,46.247775496235455,3688,1,0
276.89,17,0,0,81.8788731127079,20.88432580424367,1423,11,0
59.07,0,1,0,68.64659800201949,80.83230663928816,376,2,0
50.11,13,2,0,96.76519512099155,71.33196440793976,1190,0,0
151.31,10,1,0,74.07083233948156,45.04859685147159,1453,12,0
43.22,9,1,0,105.6302619895518,31.025325119780973,1847,2,0
22.24,12,3,0,70.74166991570343,55.318275154004105,191096,7,0
47.58,15,5,1,117.02233119052859,37.12799452429842,1442,7,0
